lines_changed,files_touched,author_exp,repo,weekday,pr_close_time_hours,pr_merged
58.240346532704876,2,9,A,Thu,22.115029173275303,1
43.743086605506875,1,0,B,Tue,60.30349904617249,0
41.78893392089143,3,4,A,Sat,56.26898873347053,0
41.789263420687234,2,6,B,Tue,47.27681144390348,0
89.76984108392972,2,7,B,Sat,41.090830610251984,1
65.28583054439358,3,1,A,Mon,65.66561295928021,0
37.241807520689875,4,3,C,Tue,51.02290252192182,1
59.39592388891157,3,1,A,Mon,57.18490994124731,0
52.09123031639806,7,3,C,Mon,65.79016125818808,0
16.336432881033907,3,5,A,Mon,32.41273113290835,0
28.02830389506173,3,5,C,Wed,40.91744160136243,1
53.78967665370057,3,1,B,Fri,59.834155314686555,0
86.02850698329449,5,3,C,Fri,57.77341429379388,1
41.95728440976434,5,3,B,Thu,46.61461559783848,1
35.866837977629885,4,0,A,Mon,54.96812833701661,1
49.10411519564703,4,1,B,Wed,64.09773986605607,0
34.85679291779056,2,2,C,Tue,48.7429284274909,1
40.64472381615764,6,4,C,Tue,62.62644859826447,0
46.375700116436455,3,7,A,Thu,34.51788274669247,1
27.343796345805686,2,5,B,Thu,26.160808077452756,1
66.78634864808792,6,2,A,Mon,65.88550157019854,1
24.94965684932275,4,5,B,Mon,30.630034984717405,1
23.453122153740765,3,6,A,Tue,30.57934082214114,1
51.049844581982704,3,5,A,Tue,38.758185933773134,1
64.50618827460617,6,9,C,Tue,45.95902726877833,0
50.46739776828299,4,5,A,Tue,36.77605652835107,1
44.212694796930094,2,0,B,Fri,54.28229457401744,0
40.459614490298954,1,2,B,Mon,43.984317925146506,1
37.406267794135516,3,6,A,Mon,31.49230078722266,1
73.43068035763895,4,3,A,Tue,68.41660383374415,0
54.02361783304215,5,3,B,Wed,49.050323350583454,1
38.83244294334417,6,6,A,Tue,36.62487967846799,1
33.51771140928016,2,8,C,Sat,35.062721575577974,1
61.16678151852277,4,1,C,Sun,67.58303746910153,0
72.66989391395077,4,8,A,Sun,52.118743954484366,1
69.81403455268232,0,2,A,Thu,38.3512359731723,1
30.783782011422826,4,5,A,Sat,40.19558579724408,1
40.30055476908806,5,3,B,Wed,51.48817385456521,1
37.061816777634824,2,0,A,Thu,59.55147778366578,0
42.76977471129558,5,8,A,Sun,32.743952247306595,1
66.51186087262964,4,5,B,Wed,52.530463735617,1
82.52379310350109,5,7,C,Thu,47.836747366938276,1
54.922941705052594,2,1,A,Tue,51.538383726097024,0
34.0717207960123,2,6,A,Tue,28.467502908046157,1
45.897006234167876,0,5,C,Wed,28.35937669681681,1
89.28391701500053,4,1,B,Thu,62.25099315704655,1
48.57246864879489,1,1,B,Fri,53.45881995699318,1
40.50080433285465,2,3,B,Wed,41.203931327714635,1
42.080246557531254,3,3,C,Wed,44.15044143007719,1
54.81408603486371,2,2,B,Sat,52.06770655909376,0
31.28947451846767,2,7,C,Mon,33.0646066876611,1
36.645018378591885,1,6,B,Wed,37.49224119762759,1
69.36632895839105,3,1,B,Fri,56.71105248221028,1
54.13485160458006,4,2,A,Tue,68.72706413253535,0
48.795351770206786,6,9,A,Thu,32.03866379895345,1
70.87518837623487,3,8,B,Mon,37.19012470352503,0
33.08418928321974,2,4,A,Thu,50.63868050633363,0
39.94019893495078,3,1,B,Tue,50.508683255677504,1
53.36033831577544,1,2,A,Wed,43.76587167802437,1
52.53632148719411,2,7,C,Sat,41.890620325512415,0
22.28262522310264,1,3,A,Fri,29.534607911287146,1
38.15673652359695,3,1,C,Mon,41.89100994515046,1
43.268488033066234,4,1,B,Fri,54.11651537472464,1
55.950662525440755,2,5,A,Sun,50.36194495428598,0
52.45442734345915,2,7,B,Fri,40.46017783353857,1
45.07685432235455,3,6,A,Fri,41.44856447003961,1
16.277585030731327,2,3,A,Fri,49.432339312003286,0
46.09624158404977,2,1,A,Tue,56.571415095133815,1
47.97991763080092,3,8,A,Fri,34.0454590582084,1
122.66642632254785,1,3,C,Sat,63.81227727618455,0
42.63331701045576,6,8,A,Fri,41.08859627030252,1
53.48863754403147,2,4,B,Tue,47.07575216291588,1
75.96384060165855,2,6,A,Thu,41.15368853487881,1
64.8678447108112,2,4,B,Tue,38.97453807191779,1
84.0032032534471,4,1,A,Sun,60.87529335495709,0
22.461521566165793,1,5,B,Sun,35.70429281877041,1
28.372550622119867,2,6,B,Sat,34.06788196235659,1
35.47107826122999,4,5,B,Sat,43.18970980730552,1
20.54442652807346,3,2,A,Wed,56.50757867671412,0
48.163521067990224,3,9,B,Tue,32.13758864497424,0
29.489382096392983,3,7,A,Thu,21.514400876973916,1
88.79510261609157,6,2,A,Wed,74.33829716334496,0
31.709030737775684,3,4,A,Wed,46.33051583069099,1
40.0493608569327,3,8,A,Mon,31.76916931861942,1
66.53898801308786,1,4,A,Fri,35.876031093084706,1
24.807333041541373,2,6,B,Wed,32.16491571977766,1
19.84224991162462,4,6,A,Wed,36.344717328003036,0
50.769925189599334,3,4,A,Sat,44.44190401847652,0
52.50891619376624,3,1,A,Thu,61.463444228512905,0
65.67539385367564,2,4,B,Wed,45.947571321980575,1
58.87434783850246,3,6,B,Sun,39.281759046029705,1
53.38075943211856,1,6,A,Thu,44.866834747130994,0
33.46398443992254,2,3,B,Fri,45.73980078232816,0
51.86587382442156,2,0,B,Sun,62.801580323087336,0
53.28837636609188,3,5,A,Sat,47.23091871929052,0
32.873407115000276,5,2,B,Sun,57.316233969154794,0
99.68926929669657,3,4,B,Mon,55.27991675860385,1
57.669259088108866,6,3,B,Mon,67.83204292084355,0
28.6190645557094,2,1,A,Fri,48.185292974211876,1
65.81824289284911,5,6,A,Fri,48.28369423913392,1
70.72490720250283,6,4,A,Sun,62.196108811764304,0
56.16377261078274,6,6,B,Sat,47.670831358546074,1
41.56386191762802,3,8,C,Sat,35.48175834109596,1
32.20441586596343,4,3,A,Tue,54.83682259855834,1
45.02081637593572,3,4,A,Wed,49.05804088486113,1
54.43114785030912,2,8,B,Wed,30.61080579697643,1
46.94810350697562,5,9,C,Wed,38.112951487773486,1
85.63564148601273,4,3,C,Thu,58.872337353941205,1
61.52948326777788,2,4,B,Tue,41.269844438576676,1
30.491037805706974,0,4,C,Sun,36.912262410891834,1
27.1448897724143,0,7,A,Wed,18.78549628644848,1
57.88444946355972,5,3,A,Thu,55.39839664842148,1
42.00385768238843,6,3,A,Thu,60.15975262183069,1
63.85256884686251,1,6,B,Mon,40.88359061924074,1
57.65445126718623,2,4,A,Thu,49.51397893346135,1
45.11099627906616,5,5,A,Fri,50.13123083027678,0
30.659926701871136,4,5,A,Sat,49.53639861004336,0
20.995442990312657,3,5,A,Thu,38.68991070681699,1
51.44608970056347,2,9,C,Fri,33.76340644039778,0
24.597070232247376,0,4,A,Fri,44.337959798461945,0
30.058796711534313,4,4,A,Mon,44.28520410207504,1
50.066902688958464,5,8,B,Sun,47.48746125240716,0
47.935446699159556,2,7,A,Mon,27.436709927426477,1
26.074291265917825,3,3,B,Thu,48.59535239727266,1
74.19105857759119,7,6,C,Mon,53.091426399138065,1
73.33369188201775,5,7,C,Mon,43.07605642670841,1
58.70032754575078,3,8,C,Sun,33.27000428864553,1
58.668884780591526,1,4,A,Sat,41.53964551283783,1
58.700640165701266,3,2,B,Wed,47.5954948880434,1
189.17845324510907,4,3,A,Thu,90.7814907132456,0
70.45805220926727,1,9,A,Sun,33.907155502070744,1
62.200081451259976,3,5,A,Thu,48.59165995150278,1
31.883460164943315,3,9,A,Thu,32.94265045458972,1
41.735466474926604,4,4,C,Mon,53.29598136461724,0
116.65396966738498,1,8,A,Sat,41.052121380987224,0
16.83516987016349,2,2,B,Mon,44.511390246295214,1
37.196151458975685,3,1,A,Fri,61.397353908218435,0
74.36478919896766,2,5,A,Tue,51.64212355127192,1
32.8571231530797,1,6,C,Tue,35.9818456163811,1
62.94097947938781,1,4,A,Sun,43.25811701559417,1
47.65806979360731,3,0,B,Tue,62.810054296637645,0
33.95833448845751,0,2,A,Sun,45.80985128953707,1
15.165295568193448,3,2,A,Wed,37.7583219105549,0
50.81153560694243,1,3,A,Mon,44.36930695272803,1
31.554550009495543,1,9,C,Fri,26.039213316002026,1
44.231698788094995,7,5,A,Fri,55.241303741404586,0
58.44775794360369,3,4,A,Tue,43.77876227845913,1
67.9788112408573,2,0,A,Sat,67.06998006393485,0
37.14021739448734,4,5,B,Wed,47.17527689158755,1
33.92812798842363,4,8,B,Sun,41.040843766414184,0
24.384204840436343,0,0,B,Wed,49.491724542683635,0
69.43556210773576,3,7,A,Tue,52.97202261757341,0
109.16087276023676,3,7,C,Sun,61.890407071645136,0
72.71244163701309,7,2,B,Sun,58.505841312795624,1
79.73392362149195,3,8,C,Tue,51.939614284452915,1
32.98781831641892,2,7,C,Mon,29.594298293706082,1
56.92583599761698,4,2,B,Sat,66.12729605311425,0
65.48056128873833,2,9,A,Wed,33.73342323040812,1
5.828490369859095,2,4,C,Fri,29.675689797419643,1
27.85096432595588,3,2,C,Tue,51.312562780582766,0
91.55913550354457,0,4,A,Mon,46.65036615078867,1
22.088264451801027,0,8,A,Fri,11.067347396933332,1
85.23925788914693,3,3,C,Wed,66.15273938695397,0
22.01329183849806,4,5,A,Tue,27.923927650636728,1
28.512741875873555,6,2,C,Sun,51.77588523860271,1
57.37795943764066,4,2,A,Sat,50.117023603141064,1
48.190863456318944,2,4,A,Tue,52.53221824018657,0
38.82802230104965,2,7,A,Sat,19.744737533147337,1
89.99737706771919,8,7,A,Mon,52.6884779349263,0
24.708923824309604,4,2,A,Mon,51.95799317476546,0
43.46393003137332,3,7,A,Wed,44.28700562097522,0
60.564406082216486,1,7,B,Sat,34.220871307127005,1
53.00377664496736,2,2,C,Tue,53.85216529598229,1
34.46593827781459,1,9,A,Mon,22.4326861469001,1
35.057670594573416,3,9,B,Tue,33.92282494634279,0
67.53139151118967,4,1,B,Wed,53.14838359964944,1
68.9226639576633,0,9,B,Sat,33.667681102598294,0
53.624846981343055,2,1,B,Tue,51.62739219924829,1
30.95142724277668,5,8,A,Fri,21.9165119863909,1
35.58124418821216,5,6,A,Tue,34.66515212732322,1
46.216595320985775,3,5,A,Thu,42.56009984928864,1
49.2473904481991,1,6,A,Thu,34.74694490359605,1
59.51111481383492,3,7,B,Sun,43.637186224761436,0
42.43366186431513,2,0,A,Wed,57.44952789644695,0
66.86515490232938,5,7,C,Wed,41.658591111380574,0
66.53878053916605,1,2,C,Wed,46.430848947637344,0
80.93060263957946,3,2,C,Fri,54.65268234603201,1
47.12187363083858,3,5,C,Sat,55.869100026749386,0
54.02557997910756,4,3,A,Fri,49.98964268858658,1
43.91133483533476,2,3,B,Sun,48.88926581147614,1
31.128779682383637,2,3,A,Tue,35.342318828701465,1
108.03158931289913,1,9,C,Mon,38.02206534017192,1
76.42176430573659,0,8,C,Sat,27.765919033687332,1
65.94270035612655,2,7,C,Thu,32.47714164368162,1
46.40260576585511,2,2,A,Thu,51.00346916870686,1
29.84346296503173,1,0,B,Sun,55.36645761620052,0
71.06015568019512,5,0,A,Thu,57.284360147093224,1
43.56140514011497,7,0,A,Sun,71.20242894024135,0
56.1674518773376,2,3,B,Tue,42.652647793100634,1
35.51739525431399,2,5,A,Tue,28.881827883749217,1
52.16109846655735,2,3,C,Wed,40.45547177158068,1
36.54974411024976,1,2,A,Mon,53.53941529966511,1
37.21274806402006,2,7,C,Wed,44.504471877252776,0
51.86115110657496,2,7,A,Tue,23.299542263886515,1
21.85368481967799,5,5,C,Fri,38.428907730837324,1
22.38713674080829,0,8,C,Wed,19.9000128662035,1
32.80345922872025,3,9,C,Sat,24.230505590025317,1
42.20587954939262,2,0,A,Tue,49.121728381812694,1
67.75432827065406,5,7,C,Tue,46.28620224899996,1
43.29616586735255,3,5,A,Fri,52.37271151096688,0
46.26787858655125,5,0,A,Fri,64.49857922263725,1
40.704549707204755,6,3,A,Fri,60.791449992016716,0
53.991104341241666,3,4,C,Mon,47.841502561419006,1
30.98041869954795,5,6,A,Sat,36.4736499151392,1
44.356387596888325,2,7,C,Tue,23.989081551772216,1
55.89365353306228,0,8,B,Fri,27.164976269117993,0
51.67693839130483,6,5,A,Mon,43.07692355615471,1
46.939222518322936,5,9,C,Thu,31.384980339205924,1
47.19815196610463,3,8,A,Sat,25.023885166137468,1
58.272508297579584,6,3,C,Sun,57.00514657685258,0
110.34620011682702,3,7,A,Sun,45.1772765598964,1
31.975340016697338,1,2,B,Thu,54.71563996358933,0
111.75625228919743,0,3,A,Thu,55.02289172550711,1
31.292706884830203,2,9,A,Tue,18.940911061742682,1
14.179116362174094,2,3,A,Mon,38.06774106201754,1
36.20553831202932,4,5,A,Mon,41.597889791269566,0
54.4456069065042,5,8,A,Thu,40.57151071622727,0
100.06224908172615,1,5,A,Sat,46.72656801483738,0
29.82486159203917,4,0,A,Wed,56.10916380743424,1
58.12035886257987,3,4,B,Thu,44.210035446955345,1
23.56188781678529,2,8,B,Tue,23.923765338007556,1
98.4647344787966,3,4,C,Thu,57.72263251819358,1
77.06370934394702,2,5,B,Sat,39.42648569650393,1
37.24736006492279,3,2,B,Sat,49.783218183585994,1
18.579497529905822,5,7,B,Thu,50.64050447675029,0
82.4490211450806,2,9,A,Mon,36.579234849444276,0
44.235796831104246,5,3,B,Thu,42.032064859738604,1
78.8390158202286,1,3,A,Fri,42.47860038401912,1
46.780035206588536,0,4,C,Fri,47.29893348648073,0
47.68893851901305,4,9,B,Wed,47.26924870710306,0
37.60370766783846,6,8,A,Tue,52.047386698055746,0
61.45633011027932,4,7,B,Tue,43.51579563516441,1
49.31388457506145,3,6,A,Sun,50.25925954340945,0
58.68531512827478,5,4,A,Mon,52.0598475330907,1
20.75201209843495,2,8,A,Tue,27.775901063184037,1
80.06676613745071,2,8,B,Wed,37.53214297299478,1
88.83549673829677,2,9,B,Fri,38.76827870871986,0
49.21039180471855,4,9,C,Mon,47.40926840619656,0
106.8399179133734,3,1,A,Sat,79.0451422275226,0
95.78439454205474,5,3,B,Fri,64.27192973715803,0
62.04283389116845,2,7,B,Wed,38.65096341171992,1
82.91586260670032,2,0,A,Mon,75.88938365757103,0
73.4687451539593,3,4,B,Thu,50.78714967511338,1
18.051409899590197,3,7,A,Tue,27.583495860523968,1
41.085394931514216,4,1,A,Wed,60.36573261726461,1
63.94691355889592,1,1,A,Mon,53.066083212233835,1
91.43068710880411,0,7,B,Fri,42.1467497266582,0
22.751323642360877,1,9,A,Mon,13.799420527638212,1
18.69374341778449,4,8,A,Thu,21.083264864994206,0
45.4769549943384,3,6,A,Wed,54.96101432780038,0
14.737464846693694,4,7,A,Mon,25.763235151901767,1
44.76780702573684,1,4,A,Sat,43.77328565054571,1
55.04252185412334,5,0,A,Wed,64.4065522316465,0
29.16517528935108,3,3,B,Wed,43.667833129849186,1
45.325696756994816,4,1,A,Fri,64.31378172892951,0
70.49048389917495,4,2,B,Sun,49.90245666032365,1
36.12347478537886,4,2,B,Tue,62.00987910775689,0
31.548690808510447,1,8,A,Sun,23.31854846343927,1
44.39252141722217,4,9,A,Sat,32.64172785577598,1
27.685077522312884,3,3,C,Thu,49.809606682469195,1
103.27701401320111,2,1,A,Mon,73.35351763636064,0
47.43259903325463,5,2,A,Sun,61.01238486141594,0
33.12418312886238,4,2,A,Tue,66.34508000421198,0
51.44346550563705,3,6,B,Fri,46.06543659548429,0
44.28191909671929,4,7,B,Tue,44.32204860630549,0
42.054086466282286,4,5,C,Wed,40.592690049391024,1
36.11903980313585,3,3,C,Wed,46.09579320584821,0
35.300059882818296,1,5,A,Thu,27.381082164639338,1
20.991082130921484,2,0,A,Sat,45.4272041514214,1
82.86018633065885,0,9,A,Mon,24.503371498305967,1
60.26263974788183,4,7,A,Mon,45.66417696414483,0
53.718530330600714,1,0,A,Fri,56.87451522616661,1
43.95751503800747,5,4,A,Thu,52.74616007598461,0
28.91857678746776,1,1,A,Mon,45.883525856569364,1
32.16032862136883,4,5,A,Sat,44.90253404712021,0
22.19191381739173,1,8,A,Wed,35.163560380496364,1
34.04627450668138,6,4,C,Thu,62.35042955924215,0
26.984807725396934,4,3,B,Tue,51.158925805490156,0
93.42460350892794,1,1,C,Sun,67.04591700055454,0
68.42071585581363,3,2,A,Sun,54.98222224568115,0
48.358045384189225,3,5,A,Thu,39.59957565309406,1
30.423963109800432,4,7,A,Thu,30.082885669398408,1
27.654526142305116,2,7,A,Sat,40.245356876166895,0
42.67446172007989,4,4,A,Sat,39.88333448828766,1
69.6699499887433,3,4,C,Mon,56.22269274788344,1
22.505113682473525,3,9,C,Sun,23.173882264383767,1
59.91523053712755,2,2,A,Fri,53.635968949662455,0
33.97507618853442,4,6,A,Fri,36.955808335532794,1
36.91470834667248,3,5,A,Sat,50.06681871385034,0
47.72272104353754,1,0,A,Mon,54.146553022384296,1
30.91931731902087,1,3,A,Mon,39.96673220878785,1
41.692780386124724,2,5,A,Mon,41.72671343352628,1
29.6784600296387,2,5,A,Sat,39.018143718807394,1
35.282969717004924,1,2,A,Fri,47.164006139259165,1
64.96093593217998,6,5,A,Mon,56.613833433977426,0
48.84554744134141,2,9,A,Sat,25.355983090528227,1
64.85315749171792,5,5,A,Tue,54.9339123656636,0
33.766044093988796,7,8,C,Tue,42.28288738949599,0
60.11013399795651,5,8,A,Wed,38.550400425995505,1
19.59823428832552,4,1,C,Tue,56.8915339355338,0
47.71314650465531,3,3,C,Thu,54.81797101006353,1
61.86582311108988,4,8,C,Wed,33.8490877967245,1
19.189483032608013,1,3,B,Tue,31.904358177950392,1
33.9542143098422,2,7,B,Thu,41.0195175973898,0
47.69810203139227,4,9,C,Tue,38.89723062766736,0
71.95519851914072,1,2,A,Sat,46.95931827058326,1
35.28080868675718,4,2,A,Sun,60.96673976223337,0
59.0728829566984,6,8,C,Thu,38.4196170898964,1
85.24879136797338,3,9,B,Mon,43.67118257733207,1
60.2758377527645,1,7,C,Sat,28.304443016270568,1
42.41637457347926,2,0,B,Sun,49.579171680557,1
55.15226338578924,4,9,C,Thu,40.668759426375104,0
34.79731345405373,3,1,B,Sat,56.7483854511011,1
48.562323813118354,1,2,B,Mon,50.14495588763769,0
43.38379183115099,7,1,B,Thu,69.55928677111733,0
54.34623329145481,2,2,C,Thu,51.049407351335,0
38.32260331900749,5,7,C,Sun,41.248144985380684,1
55.71697090849998,6,5,C,Sat,44.8842757883771,1
38.15033046585876,1,6,B,Tue,34.723929791095784,1
68.12797611315905,0,9,A,Thu,29.97762266792907,1
39.972116624409075,2,9,A,Tue,15.914763344782699,1
15.03312339865551,3,5,C,Thu,35.053258937190456,1
28.101332386297038,5,0,B,Fri,61.09182451171715,0
47.065680992255395,0,2,A,Wed,45.905690219456986,1
93.05777510291381,0,0,A,Tue,54.241252608584176,1
66.9747417739592,3,9,C,Tue,29.48778983620612,1
13.344308060852414,4,8,C,Sun,32.66118747909658,1
21.45873603834655,3,8,C,Mon,39.89712904991437,0
75.99168126269574,4,4,B,Fri,46.227807581385036,1
61.71446745368618,3,3,A,Mon,58.32474736453062,1
114.91333922783284,5,8,A,Fri,36.07237199174922,1
37.43009324507657,6,8,A,Fri,36.55891328022605,1
30.61014875124605,3,2,C,Sat,39.69977543883611,1
48.2298093513684,4,4,A,Sat,47.50285735836063,1
37.08992406031041,1,2,B,Sat,42.109767047558584,1
72.85987880229246,3,9,B,Thu,28.48377950128959,1
36.49336401594792,3,1,B,Sun,46.611646075288704,1
41.07610675316722,2,0,C,Mon,48.282071492862194,1
28.55545949683545,4,9,A,Wed,27.093013937311824,1
65.00396620545035,3,1,B,Fri,68.8744212456187,0
29.445798955040026,5,7,A,Fri,44.68321013171928,1
56.179758602595,3,7,A,Sun,35.381480729684675,1
100.08470028807972,3,2,A,Tue,69.51101118215668,0
17.823228957907713,2,6,A,Thu,35.49572446359371,1
87.01948459754638,0,6,B,Wed,37.15921466936387,1
52.979717373802806,4,1,B,Sat,51.68051985058589,1
26.33131185668949,3,8,A,Fri,37.00838904199997,1
49.06997951391269,2,2,A,Tue,46.915157731141306,1
64.16635092170122,4,1,B,Mon,58.91995442275298,1
31.588616608735375,6,2,C,Fri,44.298388547760084,1
57.61045622386586,4,1,A,Tue,53.90302822222807,1
90.23756198371527,4,7,B,Mon,54.48320719670443,1
36.471378299916466,2,4,B,Thu,41.60830795589256,1
28.386994703839786,1,2,B,Sat,41.53399064758139,1
44.00175856571836,1,4,A,Sun,53.7689295352343,0
47.88084291028557,1,7,B,Mon,22.350682311358213,1
74.51935689878721,4,6,B,Fri,42.830124796213205,1
43.335851243590724,3,5,B,Wed,51.04211231640046,1
38.039069556741644,4,0,B,Mon,63.357969957295666,0
28.03948118627978,4,9,C,Wed,26.323465489543153,1
19.26919129214941,2,0,A,Wed,61.749566839608256,0
23.978977640856456,6,0,C,Mon,63.03907429761948,1
23.90812101072086,3,9,B,Sun,17.273892286217443,1
41.2804789265087,1,7,B,Sun,31.395929152084108,1
21.144247635399815,3,7,A,Thu,38.00780224474488,1
45.5035624963293,2,6,A,Sun,31.885291836994078,1
99.08785441973974,2,5,B,Mon,54.955416618760964,0
75.478881596514,3,3,B,Sun,52.2398698869446,1
41.095677709430106,3,0,A,Tue,57.69086001392168,1
127.25321929903372,3,8,B,Sat,40.312318807468756,1
47.95765606553025,3,0,A,Wed,40.02889401264396,1
51.07791103539252,6,3,C,Sat,54.293049547009424,1
43.61707597738903,6,2,C,Fri,60.55280425276419,1
45.962685060552026,3,6,A,Wed,35.632740446529475,1
35.88420433458895,3,4,C,Fri,38.12484169921434,1
41.37239841988233,3,4,C,Tue,41.4396475722329,1
87.27988246377608,2,3,A,Tue,68.44370734243998,0
79.0926677820322,3,0,B,Sat,66.49572651908245,0
14.677956773754783,3,4,A,Tue,39.78700287685263,1
22.386502364379368,3,3,B,Mon,43.70944548736683,0
31.799888691246792,1,9,A,Wed,23.831450361151358,0
69.93839072011043,4,7,A,Fri,53.21289348057455,0
79.8773872223177,1,1,A,Sun,63.14732391712323,1
64.05703983547542,4,7,A,Sat,44.25641854521053,1
26.27879398967798,2,0,C,Sat,46.986611597117715,0
36.22806443881175,2,3,A,Tue,48.145891689918855,0
58.05675055553394,5,2,A,Tue,56.80593444660492,1
41.66518594146099,4,4,C,Fri,52.630907743194776,0
39.028885661749,1,4,A,Wed,36.207399630658344,0
39.29516450862477,1,4,B,Wed,31.373055024558553,1
76.45835395605238,5,3,C,Sat,52.282868536115984,1
60.687451912954586,3,7,C,Fri,36.7994697608367,1
40.29401074298559,1,2,A,Sat,34.38858253985902,1
54.072434925145444,1,3,A,Sun,54.81561219375628,0
24.521386255621454,5,0,C,Thu,54.43936521439454,1
36.260868992288195,4,6,A,Wed,40.0361567925122,0
73.19383517662551,4,0,A,Fri,71.60670201065359,0
20.46993610864555,1,1,A,Sun,35.893874432478206,1
61.02029486953623,0,6,A,Fri,33.94363016567666,1
14.592806999647017,4,0,B,Sat,49.914973958071826,0
93.74459515893412,2,2,B,Tue,56.47499427281065,0
35.85711692588033,4,5,C,Fri,37.90119139437765,1
55.83092607007522,1,5,B,Sat,34.58485050456971,1
49.178014623697415,1,5,A,Mon,38.75704632806862,1
49.98944001029258,4,1,A,Tue,54.904604033170386,1
53.6367509911582,2,1,C,Tue,70.22932825301,0
18.614196464105422,1,5,A,Wed,29.397030431650876,1
50.455953910709646,1,9,A,Thu,16.5941385543671,0
42.8039374941948,3,4,C,Wed,40.389092319972036,0
35.95069906350968,4,6,B,Mon,39.20950651930071,0
31.791725394676572,2,6,A,Sat,49.28103937840856,1
51.02654680076221,2,4,C,Tue,42.02169367199856,1
28.561546879023215,4,7,C,Tue,38.25496726206971,1
72.61639284211516,3,9,A,Sun,46.55932408341185,0
57.638530748336805,1,5,C,Fri,32.193168839376284,1
52.41892257207175,1,4,A,Thu,31.518160592734723,1
71.27685532411961,3,3,B,Thu,62.466937877771755,0
17.125737827645718,2,6,C,Fri,18.322878808009634,1
24.123172470088896,3,3,C,Mon,54.71293017884331,0
58.76639867790958,2,4,A,Thu,43.16800312015559,1
32.67895227549411,6,4,A,Tue,49.61606163278433,1
34.663679010727336,7,0,A,Mon,62.449947053600496,1
22.397764484043098,4,0,B,Wed,62.26369539009843,0
28.60048796369067,2,2,A,Wed,52.242530300766575,0
73.32901268413906,2,2,A,Mon,54.073811306639726,1
58.155343056703785,0,1,A,Tue,48.86149367904308,1
50.77454726989208,5,1,A,Sun,50.27254224852139,1
35.30329557337858,2,5,A,Wed,34.091366278829646,1
49.35231261977653,4,0,C,Sat,76.71931626770862,0
76.15682923681388,4,5,A,Tue,49.80194509424974,1
33.06489911795426,4,4,A,Fri,48.325227638599664,1
45.91490219016843,5,5,C,Thu,39.26726480669944,1
96.32479288217213,3,4,B,Sun,48.26219540276078,1
63.686347396568614,3,6,A,Sun,34.72000735619148,1
35.5400498095783,5,0,A,Mon,58.44916500997619,0
61.42934232570195,4,2,B,Thu,46.17387598136089,1
20.300850408098427,3,5,A,Fri,36.22624288286143,1
45.077117904071855,4,0,B,Wed,63.23632940412331,0
61.399823178004894,3,6,A,Sun,44.657439051909584,1
55.37113604734878,3,3,A,Sat,54.52224478469443,0
61.13857049394184,4,2,A,Tue,50.21151514388181,0
67.09895950877839,3,9,B,Sun,34.63787590496261,1
57.30551024310381,1,8,C,Sun,19.309034169540162,1
56.57631535910887,3,0,A,Tue,66.3872348087302,0
51.29854998147224,2,7,B,Fri,29.40292231821499,1
26.992177297899346,2,0,A,Mon,58.56098562786717,0
73.3147375656573,4,4,A,Sun,51.44485472679596,0
45.81738243856783,4,9,C,Sun,34.05510410844111,1
62.99117484664138,1,7,A,Thu,33.78628220084696,1
70.01212538891554,7,5,C,Sat,59.28140968266616,0
36.38293923409739,3,6,B,Wed,26.80283522255519,1
37.895701873081194,2,7,C,Mon,39.63181458137403,1
40.30134332769664,6,5,B,Sat,40.52630508793466,1
79.39001794609227,0,5,A,Sat,42.19270748302393,1
29.885928460701034,6,5,A,Fri,46.232790969259334,0
85.42353137188877,3,4,A,Fri,69.97215615501835,1
51.04281631730938,3,7,A,Tue,35.955670116925255,1
52.67659645260178,5,1,A,Wed,62.46188032783325,0
68.64374680748918,5,6,A,Mon,48.75754334924805,1
48.46686835998717,2,3,C,Tue,56.44368265753105,0
73.67521598299336,4,0,A,Sun,64.70803787338998,1
36.360184936174164,3,4,B,Wed,47.654449770022886,0
84.21285852610916,6,2,C,Thu,65.04510756823994,1
37.68912780314001,1,3,C,Thu,39.761117790047955,1
85.63079762031464,3,6,A,Tue,52.9996935585179,0
38.165397973284975,5,4,A,Mon,41.70601962804372,1
40.84026255642803,3,3,A,Wed,37.850871731194886,1
28.16215570645028,2,0,A,Thu,52.44866614540923,1
31.96778522032244,0,5,A,Thu,42.42505796079997,0
45.921390446274096,1,9,C,Mon,30.6674719388514,1
51.91134110290412,4,5,A,Tue,43.62484153167862,1
71.32360627816286,6,6,B,Fri,47.18605271677982,1
42.194936724000115,2,0,C,Sun,45.38992283141131,1
26.37214863233706,4,3,A,Sat,52.07681049564329,0
55.424706548047354,1,8,A,Sun,30.885931991275548,1
50.35559047382811,1,9,B,Wed,15.97242489520475,1
58.13366559246674,9,5,A,Thu,67.97184456447864,0
34.201146397650426,2,1,B,Sat,44.28004184849142,1
36.110011631452906,2,3,A,Sat,41.24150091570491,1
34.20734296072871,3,5,C,Fri,40.83032184382812,1
77.35309547518176,4,3,A,Sat,62.43405319369611,0
84.57060200088726,2,9,A,Mon,40.93092618704289,1
35.39109944764895,1,6,B,Tue,34.22225064345333,1
35.724914472884535,2,2,A,Wed,44.403322363070906,1
61.71837032227327,1,5,A,Mon,23.742426329962363,1
88.7145479378616,0,3,A,Tue,53.72384294304884,1
97.20567880953399,3,2,A,Mon,61.54335065348984,0
34.64116627005397,2,2,B,Thu,49.187557882619636,1
38.78240602389183,6,1,B,Thu,59.20742757547744,1
53.11846678407815,2,2,B,Fri,55.62976345067297,0
54.27104460391625,2,9,B,Mon,32.620665192295846,1
42.94758753884166,2,0,A,Sun,55.1947162956039,1
31.458514688807057,6,2,A,Sat,53.93351491442906,1
45.95469401731809,1,8,B,Thu,18.60930325507755,1
97.15918426671847,4,3,C,Tue,66.63107805092032,0
36.354279860883224,4,2,A,Fri,43.05672568052752,1
51.669897288987485,2,7,A,Sat,27.854290559445488,1
125.30566306449471,3,0,A,Wed,77.2554204398398,0
36.11234555861409,0,4,B,Mon,42.539556351606436,1
63.00148634201928,3,0,B,Sun,68.42725119021458,0
99.0076238048597,4,6,A,Thu,51.95786696899722,1
60.62450898957886,2,4,B,Sun,47.977035657447374,1
74.94847070400326,4,1,A,Sat,55.61629263410427,1
66.72977546977529,0,0,A,Tue,45.46390605490666,1
58.50517470459267,2,6,C,Mon,36.93112083720763,0
83.34528787758254,4,0,A,Sun,73.8244129479261,0
62.12995444785871,4,2,A,Tue,59.35944698954425,1
43.14879815223202,2,5,C,Fri,42.193508530015635,1
49.9083356479108,3,5,C,Thu,36.82642788802667,1
55.09257836758097,4,6,B,Thu,47.795993337891225,1
38.67486166226969,4,0,A,Fri,73.95018354980553,0
50.91780435970683,3,6,A,Tue,41.22171966868207,1
47.67701576949974,3,1,C,Sun,67.97180129026445,0
62.045660856302135,3,5,B,Mon,55.77491019380231,0
110.7328378018125,2,7,C,Tue,43.99798959313692,1
52.263936481456454,3,4,A,Mon,41.12987821663896,1
89.71106204846095,4,9,A,Sat,30.876821641313136,1
61.069040339240324,5,2,C,Fri,61.989995161179316,0
50.81507513195818,5,7,B,Wed,45.97885773156377,0
37.6716868965366,1,7,A,Mon,27.460700410354775,1
50.986313023356374,5,3,A,Thu,58.63435528200153,0
49.59847945658615,4,7,A,Sat,33.45120964017945,0
33.11738847918853,2,4,A,Thu,42.51862538573627,1
35.60395142357026,2,4,A,Sat,43.596224465035725,1
55.2988726394673,1,2,A,Thu,56.91493060782354,0
89.31323014119084,3,6,B,Tue,48.01591870940915,0
45.26066027997458,5,8,A,Sun,36.88706083875005,1
21.85460247744469,1,8,C,Tue,22.483970614561713,1
13.460245406044148,2,0,A,Tue,49.06446256246146,1
27.89930194711402,3,0,B,Sun,67.33547333675487,0
63.70241573978411,3,9,A,Sat,38.84813817588458,0
24.113052324211836,3,4,B,Sat,39.730237948575606,1
68.16503017492933,3,0,C,Sun,55.31119852285711,1
62.168950377612234,5,3,C,Thu,58.04217167291027,1
44.55684207343299,4,0,B,Mon,60.425051772733724,1
20.860297222897003,3,1,A,Sat,56.25486218027086,0
33.25874249101535,5,1,C,Thu,56.386094083674855,0
41.64694808365986,4,3,C,Mon,43.91287297249541,1
54.692556901936555,1,7,C,Sun,22.782218191328642,1
24.515396424239214,3,1,A,Tue,44.4275659744652,1
85.31970130871515,3,8,C,Sat,42.61077723466009,1
54.46881782435507,1,8,A,Wed,30.87257258616137,1
57.24541280166689,5,1,A,Tue,67.24752236638356,0
61.973560483216346,3,0,A,Fri,73.81620755123487,0
81.67104922576938,2,9,A,Mon,42.856858591804496,0
51.042045626117975,3,9,B,Wed,26.322634937442793,1
63.71962469159171,3,8,C,Tue,31.244248891985883,1
33.5268894492856,3,1,B,Sat,56.54680305530006,0
97.38416840863763,1,7,B,Wed,46.22585866522486,0
49.48910122174914,5,2,B,Thu,58.66272771946379,1
33.44621459041875,1,0,B,Mon,58.7964788317347,0
37.676372675817014,4,0,A,Fri,61.93690899786607,0
16.592486438181304,2,9,C,Thu,18.91047827046715,1
37.56180545554167,3,1,B,Wed,54.028569735220394,1
11.447307471792154,4,6,B,Tue,45.34417203462334,0
65.7833528223169,3,5,B,Mon,34.939662305411915,1
56.4741847904791,8,1,C,Sat,71.43877443918527,0
28.739386769957676,2,3,A,Fri,49.205334485996566,0
45.643552865806704,2,1,A,Tue,60.86940247607416,0
46.588886180604135,1,0,B,Fri,51.8827394077107,1
25.849342677244774,1,2,A,Sat,43.205868114481355,1
42.05419581846185,5,3,C,Sun,56.22604346397164,0
47.24987999639332,2,9,A,Mon,30.42067122301154,0
41.52809129182085,0,4,A,Wed,40.226593758292005,1
33.43008272169917,2,4,C,Fri,42.765546489262256,1
28.20106084545923,5,6,A,Mon,48.89938082993711,0
40.85378938045228,4,9,B,Fri,33.31971194662505,1
35.38332661430024,4,7,A,Tue,37.21802752158438,0
60.1608898217674,4,8,A,Fri,41.495002400169994,0
83.89332216523093,4,6,B,Sun,60.377997582724916,0
69.62639399855289,1,4,A,Tue,45.706444414048775,1
47.96671883998849,3,8,C,Tue,31.874180050333287,1
34.03990421820436,1,7,B,Mon,26.54851708947873,1
68.79928057779934,4,9,A,Thu,41.0993500914143,1
61.77669112376688,4,8,B,Sat,27.50316871207226,1
81.30271601928538,3,9,B,Fri,44.730908017951805,0
51.06678080345661,3,7,A,Wed,42.88029938066379,0
95.10992766065469,3,5,A,Tue,43.75940457109258,1
51.073919540529545,4,3,A,Thu,57.2979898030504,1
33.961521386479205,2,8,B,Tue,13.339272337205959,1
36.97459791660697,3,8,B,Thu,38.00119333381487,0
58.89689740567326,4,9,B,Thu,35.421688940253205,1
35.338062435514544,5,9,B,Wed,25.192308860000843,1
94.81781590744218,2,8,B,Thu,48.34986465331925,0
56.741171307348075,2,9,B,Wed,27.225823489152475,1
47.49245925028263,1,2,B,Mon,50.43873842312323,1
49.30796123965131,2,2,A,Tue,73.42997381325756,0
41.324583863764516,4,5,C,Wed,50.95788552169899,0
19.10522285312662,2,5,B,Sat,43.8412828675181,0
36.98753570110781,2,5,C,Sun,39.521727409206285,0
89.59533471054269,4,4,B,Tue,54.99306201700506,1
51.68524751002158,3,4,A,Sun,50.47199124458861,0
73.13812324414174,4,1,B,Sat,71.5216784914678,0
74.06252859707911,1,6,A,Fri,31.682309072830535,1
45.839721865228846,3,3,B,Sat,40.80038913856265,1
62.22445909262283,6,2,A,Mon,72.34498838200443,0
20.224454954696576,3,7,C,Fri,30.094831961341797,1
86.38273249291346,1,3,B,Fri,56.89566956218724,1
83.27955545553819,3,3,B,Thu,63.474634311908986,0
58.1731637125609,6,7,A,Sat,45.1835283959811,1
52.52740317826809,4,0,C,Thu,56.95796372185464,1
46.116809481231016,4,8,C,Sat,40.255225098127966,0
76.86133968231572,1,6,B,Fri,44.1943552270649,1
65.4011180563334,5,1,A,Thu,59.36404590169889,1
8.215640329016686,0,5,B,Sun,32.56080528964635,1
39.266762685388514,5,7,A,Tue,44.304084348052214,0
26.4172419828021,2,4,B,Sat,39.385251224837,0
23.91361655030037,0,5,A,Sat,23.42894103545159,1
76.50330617014072,3,9,B,Thu,33.4419811895528,1
45.660387075112425,6,7,B,Sat,52.710776510810206,0
57.749098458495745,3,5,A,Fri,39.224359951290225,1
48.345958926079135,2,8,A,Thu,33.32812421717692,1
24.07568342953622,2,8,C,Thu,25.31881291749484,1
20.470525690787188,2,8,A,Wed,27.125154018245453,1
38.01581128446732,3,5,B,Sun,45.154726393125706,0
39.532847871074786,7,8,A,Sun,46.82161932608489,0
39.52113691543042,0,2,A,Wed,54.59794325836894,0
40.057681228443286,3,4,A,Fri,41.92567905274761,1
107.4414462387931,3,1,B,Tue,69.86401534808698,0
72.6491137787983,4,7,A,Sat,32.441095818267044,1
52.017504019833325,3,3,C,Mon,50.111163286243894,1
45.13692887931661,3,5,B,Sat,36.1691128065036,1
45.86718393106147,3,5,A,Mon,45.570691200945205,0
64.35012866290029,3,4,B,Sun,41.51573925482191,1
44.944616307033144,7,0,A,Fri,69.83849945334984,0
69.39237382838206,2,6,B,Tue,50.36619434091174,1
54.55898590525108,2,9,A,Tue,29.67199273108831,1
107.87997082891732,3,7,A,Tue,51.35530337651589,0
43.71567060456259,3,0,B,Wed,52.46161715843134,1
74.9330435761573,4,9,C,Fri,36.792959965499605,0
27.614008701692608,2,6,A,Mon,33.86974212058563,0
34.44706547367833,3,3,C,Tue,45.44182949823113,0
101.42839875972344,3,5,A,Fri,52.63734016775135,1
68.09859619761421,3,8,C,Sat,45.85327873587743,0
58.21450161602758,2,4,B,Mon,52.03089267241091,0
120.22129853859754,3,7,A,Sun,58.89346316148473,0
45.43299201313385,1,4,A,Wed,35.25558295089993,1
74.85436890185967,5,1,A,Thu,64.22948960839905,0
77.29301499083664,4,3,A,Mon,56.6855188763955,0
91.59368051432914,3,1,A,Sun,63.32410574554734,0
26.024861873886834,4,6,B,Sun,36.998345905033084,1
45.29478721183188,3,6,C,Sun,47.12744919004064,1
54.13512112235351,3,2,A,Sat,45.59065402401551,1
90.92748863072123,4,6,B,Mon,46.47576866698799,1
57.16576612257225,3,0,B,Mon,66.44762012084509,0
77.36683142004182,4,0,C,Thu,62.07832617646821,1
24.853525691284762,2,8,B,Tue,26.635456140707568,1
40.52918988032133,5,5,B,Sat,40.22888357937853,1
83.14028051060654,4,4,A,Sun,57.226383546225975,0
43.02684532039338,2,5,A,Thu,36.69366724766057,1
47.00402222969345,3,5,A,Mon,50.03361159762934,0
90.28177538584131,4,0,A,Sat,80.46881526354127,0
30.657190052977125,4,4,A,Wed,44.0146148914945,1
34.179696644930516,4,8,B,Mon,29.575155074808208,1
23.52278159462457,5,3,A,Wed,49.85852593444146,1
91.88466696229712,2,2,B,Fri,61.37743787848733,1
72.05685814075026,3,0,A,Wed,66.89463703405077,0
71.25034272153646,3,1,C,Mon,64.52030355516212,0
39.99534852998113,3,2,C,Thu,45.863554624485595,1
22.624822955253755,2,3,A,Mon,43.62948111823004,1
19.382706641493797,3,6,A,Mon,32.24749418169652,1
83.41252449509017,2,5,B,Fri,38.65491024342921,1
59.939218255262894,6,7,A,Sun,45.01863780170539,1
65.05625045663193,4,8,A,Tue,44.45942650826811,1
53.00846961949765,2,5,A,Mon,55.44470445608915,0
32.20056255079365,1,6,C,Fri,28.044577029174164,1
40.86219609893355,4,3,C,Thu,51.68939079882549,0
28.40271909052893,4,1,B,Fri,60.16988419710141,1
26.65567195266275,2,8,B,Fri,41.164652997752775,0
69.44836375737874,6,8,C,Wed,52.22618625795017,0
20.297428959256795,3,3,C,Tue,40.49852399123938,0
28.49752066028699,0,2,C,Tue,36.66790120586861,1
41.98029281722234,3,9,A,Sat,21.92826513516703,1
48.98025170497454,1,5,A,Sun,53.857831803542375,0
23.373473456254168,2,2,B,Thu,35.04679506533142,1
20.019765655811504,3,0,B,Sat,59.02219611259993,1
56.84338715034897,2,3,A,Sun,53.841053293439344,0
51.67281470019997,3,0,A,Sun,50.3460661856641,1
82.773619630413,3,1,C,Fri,72.4887161012678,0
49.358763888447406,2,2,C,Thu,59.01922355768743,0
59.41464924410232,5,7,A,Sun,42.55181652713067,0
33.085243982031976,1,9,C,Thu,21.490833503088975,1
33.76121876787184,3,3,B,Tue,58.63008570956103,0
24.623516870556838,3,3,C,Tue,47.87518576013885,0
33.241558970281474,3,9,A,Tue,34.046954175916824,1
40.58061053254764,4,8,A,Mon,28.392207855923765,1
79.14355873436878,4,6,A,Fri,37.718579855436076,1
30.84718481704874,1,1,A,Thu,53.3955155488973,0
110.03847573717023,4,2,B,Fri,64.70448164904495,0
61.74036829225034,2,3,A,Sun,55.97251010795512,0
56.18866239001602,1,3,C,Thu,44.26344818537554,1
47.61951519967695,3,9,A,Thu,24.729270335839203,1
43.56254781464679,4,7,A,Sat,45.105921962121144,1
35.62975168798228,0,9,B,Thu,20.10607198116354,1
22.889410694304342,4,9,B,Thu,29.89970887080885,1
31.369291145820476,3,5,A,Wed,41.917447390305135,1
91.78634343311978,4,2,B,Wed,69.16232483829405,1
60.06882650641763,0,8,B,Sat,29.966671962708084,0
91.42328244372212,2,9,B,Mon,26.497293378282876,1
35.195021764439474,6,7,B,Tue,54.65910793071542,0
27.99870249795065,4,8,A,Sun,32.505345225408746,1
47.40683279734619,4,4,B,Sun,46.112921628476066,1
31.931276154983035,2,2,C,Thu,43.71976739602697,1
51.901396477647694,1,3,A,Fri,49.82704488628813,0
20.47908547143993,2,4,A,Sun,40.40164827419889,1
15.488256131580748,3,8,C,Wed,17.878800948433444,1
55.222579655973675,2,8,A,Tue,41.43117321331069,0
92.92556357878874,4,2,A,Mon,73.7416930254252,0
56.31638171257107,3,6,C,Tue,42.97953687062947,1
59.796842934442765,3,5,A,Thu,50.60241540831275,0
48.32790212081059,1,3,A,Tue,42.65226948424884,1
50.42172177200253,3,4,C,Thu,50.5128107072609,1
22.30448989950055,4,9,C,Sat,28.370498927091674,1
32.51252805447534,3,1,A,Wed,66.27841063105865,0
78.78622612888913,2,6,B,Wed,41.043761716833004,0
26.823724625931114,2,3,C,Thu,44.89832334444064,1
40.15974633352159,4,1,B,Fri,48.975605599299335,1
78.08399514139388,1,5,A,Wed,50.252244189157985,0
49.795535487004976,4,1,A,Fri,69.83913952922026,0
50.939559050696566,1,9,A,Thu,20.176151260486797,1
40.3024337296246,2,1,C,Sat,59.63855266258119,1
63.695829498634396,1,6,C,Thu,50.26746953864273,0
70.5348584400864,1,0,C,Sat,59.0030364001974,1
31.663368724947354,2,6,C,Sun,35.6724894170527,0
23.411540540172354,4,9,B,Wed,24.783676284105454,1
17.177488105446205,3,4,A,Fri,35.6436071299279,1
58.52319262203673,4,0,B,Thu,53.54307589429385,1
55.57429436963227,2,5,B,Sun,45.58368711106889,1
123.89486986294932,3,6,B,Wed,50.75714734418824,1
48.45679693605172,5,0,A,Sun,66.81361979405534,0
44.56283741106712,5,8,C,Sat,42.28738106061144,0
52.68460745142427,3,6,A,Thu,37.46604097343201,1
53.96680638939514,4,0,A,Sun,61.44565522757422,1
42.98822211428556,4,2,B,Sun,47.48427953627272,1
32.17053646813588,3,4,B,Sat,45.52570026642201,1
47.27810034089152,2,3,A,Tue,41.47588651259713,1
46.469950881387696,3,1,C,Sat,60.151357885728814,0
46.12810770767008,3,0,A,Tue,48.69265350925247,1
66.65533747745297,5,3,A,Wed,59.689387393214346,1
46.89066626187124,3,6,A,Thu,44.007236837238175,1
23.677091998666175,2,3,B,Sun,43.31477591395118,1
34.69922644041181,4,8,C,Wed,31.7919166321403,1
42.74303183319617,4,7,C,Mon,35.36788838053654,1
47.90117346235115,1,7,C,Sat,22.76906040921891,1
59.070066339872405,5,4,A,Wed,51.040304971513095,0
48.07337566511475,2,0,A,Wed,57.36715529565163,1
15.678211187904584,1,8,B,Sun,20.231766773893796,1
25.108643658536522,2,1,A,Tue,39.22560484539923,1
60.86334300126932,5,5,C,Sat,48.145966364729226,0
42.20596603374649,4,9,B,Tue,32.61575781281757,1
49.952487530464545,5,4,C,Thu,52.360369886251476,1
39.756967116962166,4,9,A,Wed,21.28179664571126,1
34.63029372845635,1,7,A,Sat,28.686372041458263,1
40.432789978118464,2,2,B,Wed,48.02599658102312,1
50.2221176281878,1,5,A,Thu,34.126121239110475,1
46.73249915489602,4,5,B,Fri,56.54516637087232,0
70.33167912390888,2,9,A,Thu,29.342575736388326,1
21.37760853804234,2,2,A,Tue,33.69123409333162,1
22.928722488651545,3,6,A,Tue,31.612537674825347,1
41.97763052798106,4,3,A,Wed,62.23537311572222,0
59.36808831100032,2,4,B,Tue,42.14634392411041,1
65.06235859041756,3,8,A,Sat,37.778079204201006,0
35.28764798649499,4,5,A,Thu,43.19856965628069,1
10.089755264506554,2,9,A,Wed,20.309959630574475,1
35.83310355436388,3,3,A,Thu,52.15196461834133,0
55.65261372574757,2,7,A,Thu,36.51614459408906,1
46.336716814291165,5,8,A,Wed,31.80889506744615,1
60.332717953133965,7,9,B,Sun,36.066445682356985,1
77.5819069686037,4,4,B,Fri,55.15398236301559,1
43.32512549804405,2,1,B,Sun,44.833083802952416,1
37.730738838321194,0,5,C,Tue,40.620677397523345,1
30.043569067498495,3,7,A,Mon,37.155559731410555,1
22.861232297915603,3,4,B,Sun,40.85166551646543,0
19.768097822246176,2,0,C,Mon,63.332667791630904,0
33.653886540199956,1,7,A,Mon,28.491746207045416,1
72.92865081466624,7,8,B,Tue,59.509667699774695,0
62.89690123676061,4,0,A,Fri,61.246514820619396,1
36.90018686630879,7,7,A,Thu,39.494112996119824,1
110.5044638788692,4,9,B,Wed,49.69357690052711,0
34.76659626938384,2,1,A,Fri,35.70535906441961,1
80.81411437771636,2,3,A,Mon,63.79833770470128,0
89.17966991130983,4,1,A,Sat,67.3004310528809,0
57.32513357763007,2,1,A,Tue,57.264146479237866,1
33.503967892488916,5,9,A,Sun,38.07058412682806,1
39.21132621618175,4,2,B,Tue,54.9544801206213,0
50.77098656012579,0,7,B,Sun,25.9711092073046,1
23.19543818085267,0,3,B,Wed,48.67805549186877,0
28.66692546932985,4,6,A,Sat,33.39565235445198,1
27.507487149512848,2,9,C,Thu,29.087727130641007,1
59.24617635986575,2,2,B,Fri,46.3932521382384,1
77.25291814615811,5,9,A,Sat,45.64163751063855,1
63.984526817555434,3,2,C,Fri,51.268220705357265,1
71.66021589729102,4,1,B,Fri,68.98328362613331,0
32.1528400765792,0,5,B,Thu,44.341855621335455,0
40.03729937124814,2,5,A,Thu,39.56497486991109,1
41.45507246747755,3,0,A,Sun,67.64431463493396,0
57.22399150949084,3,6,C,Thu,32.164870576379855,1
34.09978036159324,2,3,B,Wed,39.783946263595155,1
69.7168755393598,3,2,B,Tue,54.259563393217576,1
88.0849568226156,2,7,B,Mon,36.789398880305214,1
58.519284493853206,2,1,C,Thu,57.55777967015635,1
39.21842116548102,4,8,A,Tue,29.282439997185136,1
30.783910611876195,4,7,B,Sun,29.33941650792378,1
27.539418932320924,1,7,A,Thu,31.21016667833517,1
15.773510924521636,4,2,B,Mon,47.92742964550477,0
42.0483623767271,1,3,B,Sat,36.42608042463718,1
40.93859803048333,5,1,A,Thu,57.72910176204715,1
67.83229812052764,1,1,B,Tue,59.28556677184615,1
35.17003180942836,4,3,A,Sun,54.84240091690063,0
43.14872365629026,3,5,A,Sun,39.55052408171386,0
53.04113134085833,2,4,A,Wed,46.03290096517762,1
58.096750526254496,2,0,A,Sun,52.65635868551376,1
64.41003463376508,1,9,A,Sat,41.48580009644849,0
50.68742563152612,2,0,A,Sun,52.23921718084737,1
23.883880534087467,1,5,B,Sun,37.49650395876317,1
55.84436180385383,3,2,B,Sat,49.07982625284947,1
33.962589471613526,1,2,B,Sat,39.348856306388946,1
78.85331943233165,1,6,A,Mon,38.18284079135878,0
47.12769516034732,2,0,C,Tue,50.12758151263756,1
52.063129223488886,5,0,B,Fri,61.29897660724001,1
128.4511911314601,6,9,A,Sun,51.19246071059093,1
64.90575180893214,2,2,C,Fri,62.03932928927813,0
55.394395240522186,3,7,A,Fri,50.29961606630315,0
43.739120704519635,5,0,B,Wed,66.8911568427472,0
24.900529948213563,5,9,A,Thu,36.31875795772334,0
42.295318242962736,0,3,A,Sun,45.023484913653036,1
30.599124270224376,3,8,C,Thu,29.274901926926077,1
92.83437364091783,3,3,A,Thu,50.95108601414513,1
55.722304865328105,1,9,A,Wed,23.53380387332963,1
77.58372549003452,1,7,C,Fri,25.867247855970618,1
34.694427075605425,0,6,C,Sat,24.255198638591004,1
31.681572868790937,3,2,B,Thu,37.88471944437218,1
62.11872763557727,2,6,A,Sat,40.1787512982397,1
30.000272163573378,1,6,A,Sat,36.0577054942307,1
37.84003350776552,6,9,B,Wed,27.86376234052284,1
94.7977413557257,0,2,A,Wed,48.44137645318337,1
38.55495919087301,1,1,A,Tue,59.426703117619006,0
22.243123582319445,3,8,B,Sun,24.194189159067854,1
18.02768825607615,2,0,A,Thu,48.88927395641288,1
20.858641014602433,2,6,A,Fri,33.88739453004466,1
79.60040457979477,6,3,A,Mon,55.37969555122968,1
35.731511450505835,3,1,A,Wed,46.70300793523202,1
126.61505669855329,1,1,A,Sat,61.791083267228146,1
88.53581071197374,3,7,A,Tue,34.93937602765554,1
104.80208060415065,4,6,A,Mon,53.39379955117623,1
72.46875060958754,0,6,B,Wed,39.49809469053505,1
60.67267189398202,2,4,C,Tue,52.53297828602006,0
31.129139206480453,1,9,A,Sat,28.02421152380584,1
46.593808005027526,3,7,B,Thu,33.01283500701554,1
63.38477410972678,5,1,A,Sun,62.76490434545211,1
70.49511642646972,4,1,A,Sun,69.52819540735491,0
26.09307100344356,2,4,A,Tue,41.22305457788553,0
42.60691226095335,3,0,B,Wed,60.29571518759451,1
44.90324979557982,3,5,B,Sun,48.62152591246936,0
44.08571868276979,5,3,B,Sun,54.690189293664815,1
27.854039541048966,1,5,A,Thu,26.0661407543895,1
99.27127376459218,4,6,A,Sat,50.40302175929629,1
41.943042632359,0,2,B,Fri,48.08564117483819,0
28.857401758832882,2,7,A,Sun,24.514222452515547,1
100.36484368687461,2,6,B,Tue,53.1204592273004,1
88.57334458721786,1,0,B,Mon,68.69115219722784,0
49.776800007409925,4,5,B,Sat,35.57051569360855,1
17.940395277854865,5,6,C,Thu,33.101542954447396,1
37.30574059915114,2,3,C,Sat,55.15640774186803,0
19.998769175267338,4,1,B,Thu,44.73536278568252,1
58.66420841384099,4,9,B,Sat,27.957914915450367,1
36.07899701347613,2,8,A,Fri,26.480576600495766,1
46.074796778697966,2,6,C,Tue,37.56149831783907,1
96.37561542298164,3,0,A,Mon,61.63376145450212,1
34.82881994670845,3,7,A,Sun,41.919370868957195,0
57.54350703469434,3,2,A,Fri,51.68301228749615,1
65.24923792000536,4,3,A,Tue,52.832026920797624,1
78.50599914371185,5,4,B,Mon,41.67748084609333,1
44.53635522306272,4,0,B,Sat,56.986845859865895,1
42.4036388833474,4,5,A,Sun,40.227274495686686,1
41.943147390822176,2,9,A,Mon,27.34037322264419,1
55.06102686648945,2,5,C,Wed,36.74318857432927,1
86.90970647708983,5,1,B,Mon,70.52721378614486,0
41.0513372515015,2,9,C,Tue,27.875785500474045,1
11.44425238774688,1,5,A,Fri,36.51744103826101,1
68.48780666646101,2,7,B,Sun,30.07469596060779,1
48.12884228959852,4,5,A,Fri,53.191504477417155,0
58.723085155666496,2,3,A,Sun,52.844281908815724,1
20.396236319037243,4,3,A,Wed,54.55277211614268,0
36.145423661142694,1,8,A,Tue,30.991769783880173,1
66.0135063945822,3,5,A,Mon,41.485092514191024,1
24.47673935395061,5,7,C,Wed,40.07920731830115,1
57.48529337754634,4,7,A,Sat,34.874747834297395,1
45.90094927213832,1,6,A,Thu,33.45583088124795,1
32.528461479031726,2,2,A,Sat,41.99373855720606,1
31.26037709105601,2,9,A,Tue,20.94109950189642,1
27.98233841068143,7,0,B,Wed,58.98969784616605,0
48.01182528804216,2,4,A,Fri,39.74328921894873,0
50.58295371835166,3,9,B,Wed,35.000507654541934,1
39.17851384197613,3,9,A,Thu,17.840698567338187,1
27.126130269761276,6,1,B,Tue,63.677439021532024,0
56.74698258965462,2,9,B,Wed,21.854218336603118,1
69.04418392175958,2,1,C,Sun,50.56606548927885,1
61.36046130155303,2,6,C,Sat,41.69360518100295,1
106.71791585153102,1,2,B,Mon,66.15375313836694,0
42.826106727276,3,7,A,Sat,32.92951927152464,1
83.11392054065442,5,8,B,Tue,56.34605520437195,0
34.05693222403863,4,7,B,Wed,40.36301416933323,0
31.44365657962785,4,5,C,Sat,53.43861861824784,0
49.367124869597944,3,4,A,Wed,38.52620504194181,1
91.29758313696044,2,2,A,Sat,58.31056339731327,0
40.64240854454475,4,2,B,Tue,57.43764097750945,0
20.388213336015607,3,6,A,Fri,40.09402220271803,0
68.46170799902562,3,4,A,Sat,43.400401028772436,1
45.00530560968169,1,5,A,Mon,42.620533882257554,0
53.42254971858688,4,5,B,Sat,58.508333717995356,0
32.23724064167254,3,8,C,Tue,26.47548999364384,1
49.1566036469339,1,0,A,Sat,50.14947435473137,0
21.981682646079676,1,7,A,Mon,16.679679518883095,1
99.95908190585284,1,9,A,Sun,53.424944457877764,0
74.10272175018287,2,4,A,Mon,62.0734228541332,0
48.14791469585985,3,5,B,Tue,38.44957308804722,1
67.61908472158646,3,5,B,Wed,56.57678594054712,0
34.099226529718536,3,0,A,Sat,62.121938339799186,0
72.63975224104298,1,2,B,Fri,56.88047735338057,1
39.80184197947479,3,5,B,Mon,33.6042569634172,1
38.47869451397308,2,8,A,Sun,22.480893736075785,1
28.925138468143427,1,5,A,Mon,39.381871572743485,1
56.428604511109825,1,5,C,Sat,30.81950596846943,1
47.191824437825844,1,0,A,Wed,51.78737886674881,1
84.30488843436117,4,8,B,Sat,40.63746360816331,1
27.273026213011477,3,3,A,Sun,46.37591309011442,1
56.54411831615288,2,1,B,Sun,61.008214782095635,0
77.30377351125749,2,0,B,Tue,66.80055626984031,0
127.93766601878932,3,2,B,Fri,63.684834563502605,1
50.99305763311868,2,2,C,Sat,43.224581058574806,1
39.44560539456387,4,4,C,Mon,43.05863226382726,1
50.401256339518675,2,0,B,Mon,59.90574833322968,1
81.30908026931024,3,6,A,Tue,42.83215033019467,1
81.29398989121258,5,0,A,Wed,81.2900988741137,0
44.162280044097805,5,3,B,Sat,61.48747723415384,0
80.66633251457823,2,5,B,Thu,47.51616348565197,1
46.1744011704807,1,0,A,Wed,58.42576409321625,0
67.28345135663956,1,6,A,Mon,34.314644951517046,1
59.50187308359968,4,9,B,Sun,41.308316496344766,1
38.704996591725866,1,6,A,Sat,35.708919906690895,1
29.441907783460234,4,2,A,Sun,55.191479575393146,0
78.20769900140783,1,3,B,Mon,57.1371148946353,1
87.84918292567116,5,5,B,Fri,63.71502650492508,0
55.94284256720701,1,6,A,Wed,28.086082084350274,1
46.14593082583731,1,3,A,Thu,40.096573924717,1
25.549271190797313,2,9,A,Fri,25.74539110573719,1
77.31264539766528,4,8,A,Thu,55.00036634856798,0
53.05778863074536,0,8,B,Fri,38.41806284008836,1
41.294143824966866,4,8,B,Wed,32.38666785896634,1
68.13277438831273,0,9,A,Mon,29.707773926155255,1
23.21098397961501,1,5,A,Thu,28.584293944190023,1
28.220964134329833,3,1,A,Wed,44.207199282411906,1
33.503455191841574,1,1,C,Thu,37.27157285730528,1
58.671952231123335,4,3,A,Wed,52.68438238359394,1
50.65456819676125,3,8,C,Fri,38.45345504548799,1
61.764963184657915,2,2,C,Wed,62.23239810733781,0
74.97798988842162,4,5,B,Fri,56.43127840543337,0
62.75593226251508,7,1,B,Mon,77.66924014243683,0
100.91638891443255,4,0,A,Fri,82.93710151591543,1
74.90040050005355,4,4,B,Tue,54.82161865341087,0
44.114142625740776,3,7,A,Mon,29.704914460992015,0
36.03120808321206,3,9,C,Sun,27.918238366621658,1
44.73811793939266,2,9,A,Sun,31.36017555168975,1
63.7315383134891,2,1,B,Sun,46.00962923036992,1
37.87708733062914,3,9,A,Sat,30.739161909050928,1
64.51540734463124,3,8,C,Sat,33.21754660623374,1
61.26233260674997,2,7,A,Wed,36.93668163593267,1
29.235360508381284,3,2,B,Wed,49.25197314633155,0
74.27733627003894,3,0,A,Tue,55.952735618426274,1
55.0591407856843,3,3,A,Wed,42.48867319504442,1
98.7039139297222,4,7,B,Mon,58.07832739835314,0
46.248411047289196,3,2,C,Mon,54.128072326466345,0
40.418850215718116,8,9,A,Sun,38.43251473060323,1
27.404778825413242,3,1,C,Fri,48.62849872142296,1
27.191423860934915,2,6,B,Thu,33.537576749877985,0
70.35307688993737,4,3,C,Wed,61.45103163206179,0
94.23233256006647,0,5,A,Tue,45.031491341406614,1
44.446475760117295,4,4,A,Sun,50.20245352041844,1
43.11387827516539,2,1,C,Sat,65.09445875950551,0
48.196382971805,1,9,A,Mon,19.54188743607263,1
76.53489214843819,2,1,B,Mon,58.081112577290824,1
29.363430717787207,1,8,A,Mon,12.786141616201462,1
52.007746571439796,1,9,A,Thu,29.657716166892214,1
71.06238294250093,4,1,B,Thu,72.69898303326313,0
58.35009451738646,3,7,B,Wed,31.311447686559127,0
9.241642479489846,2,7,B,Sat,31.15226290054819,0
62.89556878345493,3,0,A,Tue,62.0936372542826,0
58.60390266750949,3,0,A,Thu,64.01187865889447,0
83.07527051931996,3,3,A,Fri,58.915406269417666,0
90.8792048067545,5,1,A,Thu,64.95770860722219,1
81.22518397973492,4,0,C,Mon,77.18164035407537,0
48.31526055001693,1,8,B,Tue,26.094342935512202,1
19.909721459920274,2,2,A,Wed,37.04472462163488,1
111.02855896687785,3,0,C,Thu,67.2175217621102,1
42.96928537480184,3,1,A,Mon,58.327627339089354,0
47.61493861928688,5,7,B,Sun,46.090015840666396,0
93.69627080633029,2,4,A,Fri,47.599370496782974,1
32.39483767115607,3,6,B,Fri,36.292107496803844,1
23.56477392449927,4,5,A,Sun,44.18008887500405,1
37.99344826180643,2,0,A,Wed,45.25372435682342,1
33.24990276578429,2,5,A,Wed,37.90355865331906,1
22.402315340637564,1,6,A,Thu,33.27911136951385,1
44.894304491622506,3,3,A,Wed,43.80908341296211,1
48.470319309645504,4,7,A,Sat,42.95506713970199,1
21.730586804651253,6,7,A,Sat,35.043232659672974,1
40.300619393402485,2,6,B,Mon,28.43023556131866,1
32.23107338451257,5,1,A,Mon,55.08841932540633,0
16.74875411657636,4,5,B,Mon,48.27379737060224,0
49.19587823330966,7,5,A,Sat,52.30346501964679,1
51.425410957521194,4,6,C,Thu,48.10653350913931,1
32.23423112173457,3,5,C,Thu,40.80043783652579,1
73.98397077247127,2,1,A,Wed,55.29943214059661,1
47.12856651041753,5,7,B,Thu,48.8372554233624,0
32.975180924316405,6,3,A,Mon,57.9554737053964,0
21.00981486768915,2,8,C,Tue,30.539097331862987,0
52.678385373545794,2,7,B,Mon,30.788862724148792,1
58.541626334484135,2,2,A,Sat,41.093244171234254,1
36.989856010244175,1,2,A,Sun,47.687239083127224,0
49.910127763001704,4,7,A,Tue,36.883775491592885,1
90.87726339018472,5,1,A,Wed,59.64466767917893,0
68.8453529071007,5,8,B,Fri,45.194741029638124,0
13.908270209015797,5,3,A,Sun,48.384522569219754,1
32.79135051228809,3,5,A,Thu,52.274414608940035,0
43.88823237239016,5,2,A,Thu,50.14042419633838,1
48.34662227943899,3,2,A,Sat,46.84432933967196,1
50.405661134868936,0,2,A,Mon,40.48122353839872,1
56.87951304406611,2,9,C,Mon,33.58395042155171,0
44.569154040160825,2,1,A,Tue,55.62707574227589,1
47.07505057110653,3,7,B,Thu,42.56105070825833,1
70.43345892197544,3,8,A,Sun,27.64430761895096,1
53.148116777901805,4,7,A,Sat,33.57229735246345,1
26.06321528569088,4,9,B,Sun,24.89527897759665,0
49.051327727766996,3,2,A,Wed,57.667092920574234,0
43.944647932442,2,6,A,Mon,32.34709415220936,1
16.676018924409874,2,9,B,Sun,22.12980632924519,1
50.205840001071195,4,1,A,Thu,66.35726010391642,0
27.80065331514097,3,3,A,Fri,53.32143979209335,0
70.89837356841487,0,5,B,Sat,30.94998022484016,1
56.51680261033611,4,4,B,Tue,55.17484935952129,0
25.338819178719504,3,8,A,Mon,26.589166382241658,0
69.4719509316433,2,9,A,Mon,47.578754052090794,0
83.67345257426612,1,3,A,Wed,55.96130329698886,0
41.470775079523975,3,4,A,Mon,35.461838660722464,1
43.82498032335323,3,3,B,Sat,51.04366857418739,0
66.4648817193917,2,7,C,Thu,45.33238848704497,0
80.89510484011718,1,7,C,Thu,48.845263330838456,0
19.177875144169462,3,2,A,Thu,58.33712275777737,0
26.843835906540356,5,0,A,Fri,55.683315834282,1
38.34273808909363,4,5,B,Fri,46.99938724551781,0
40.323638262613066,3,1,A,Mon,54.49007450718481,1
65.6167491812385,4,1,B,Sun,69.41152815986976,0
81.08130442652416,6,2,B,Fri,70.81015291931881,0
83.77610986881879,4,7,C,Sun,55.80333410939829,0
18.92884696143588,2,2,A,Sun,46.734525246039276,0
31.33291076922198,2,6,A,Fri,32.146466517017046,1
24.75796892791979,2,9,C,Wed,11.786726044397966,1
35.00236729824185,2,9,B,Fri,30.949814483038338,1
31.271110407263464,2,8,C,Tue,31.795764037654145,0
56.439932415680296,2,7,A,Tue,49.265805831662405,0
59.49046058331854,2,0,B,Sun,60.617138433482936,0
46.805541081712995,1,6,B,Tue,34.87222844013182,1
44.78371699989288,2,6,A,Mon,35.23046317267044,1
39.121190266062385,1,7,B,Thu,25.81426731879275,1
41.296312381137234,4,9,B,Wed,39.65730640711647,0
90.42077374943258,1,4,A,Mon,62.468901023209035,0
63.39979653218123,4,9,A,Thu,42.62891280562313,1
39.82041523901068,2,8,B,Wed,31.67769835492676,1
44.386842779127775,1,8,A,Sun,20.827203718420222,1
57.022012452611285,4,7,C,Wed,31.376507937986247,1
25.3346761124846,4,5,A,Wed,43.76161432738667,1
49.82320028542132,4,5,A,Tue,45.978182501594716,0
61.85171126809479,2,0,C,Tue,59.450117698839236,1
58.34383432685015,2,5,C,Tue,49.338468345022946,0
31.633448851847582,2,3,A,Wed,47.920196549210694,1
34.49863609927543,2,3,B,Sat,44.44948555356852,1
15.638226524440615,2,1,A,Wed,43.97475264283166,1
64.75966739880641,5,3,A,Tue,64.25816082206417,1
107.34108642558972,1,4,A,Wed,55.584454793680536,1
29.49001272702693,1,4,A,Tue,46.67166363035136,0
74.71928203881647,5,4,C,Tue,57.53082604667299,0
103.04321861899858,3,3,B,Tue,59.875428305463345,0
37.31925194660439,2,0,C,Sun,50.16650988938137,1
44.41513357451985,4,9,B,Sun,22.38890282037002,1
52.36548345821259,2,7,A,Sat,31.86321174127162,1
57.516656366971766,3,2,B,Thu,63.50809911990012,0
53.642647869500365,3,1,C,Wed,66.63747875674542,0
38.70708631653805,4,8,B,Mon,30.031395921928983,1
61.423165331379046,4,6,B,Tue,56.964507439466345,1
39.12888655536898,2,8,C,Sat,42.192480071332,0
55.29617590936354,2,1,A,Mon,51.909388061525156,1
46.03736771938894,1,8,B,Sun,32.91459066736959,1
17.887986626815053,6,9,C,Thu,33.680131986357274,0
79.57997191079639,4,8,C,Wed,41.18557297883331,1
34.94538472774703,3,8,A,Sun,27.18624328660013,1
83.10000860076038,2,9,B,Sat,27.561117124127172,1
73.39954822513518,2,9,B,Tue,34.34306531691235,1
51.6572045002096,2,3,A,Tue,45.30192968843917,1
58.8536898129884,5,9,B,Tue,35.11215434229087,1
62.03864541476435,1,2,A,Sat,56.27205291985715,0
42.5321601822113,3,5,A,Sun,35.01592601244355,1
43.47447543624717,1,2,A,Mon,60.63658487338619,0
60.699175138533825,1,8,B,Thu,31.38352617634949,1
46.263676938130715,7,2,A,Wed,55.917905656708335,1
38.76680945512326,6,1,A,Thu,58.20731012835376,0
31.882581187201566,1,7,A,Sun,42.39341890115858,0
56.02386963726984,5,5,A,Tue,50.79136506683744,1
34.39507209038143,3,7,A,Thu,31.886561413967364,1
67.88553358940176,2,6,A,Mon,33.156459054971144,1
70.43312953014652,3,2,B,Fri,62.381282180926775,1
58.65125875058604,3,7,B,Sun,34.90629884204968,1
64.1484332994062,4,9,A,Fri,30.472132436172757,1
58.72910488498402,6,0,A,Wed,71.50020736388386,0
66.18092298341536,3,0,B,Wed,69.1118649575609,0
64.93131814112937,3,9,A,Thu,31.143099079766323,1
54.677977614331574,5,7,C,Wed,22.99942260340748,1
73.81207897822267,0,8,B,Sun,40.010545923668175,0
43.23191033566594,5,9,A,Sat,36.25929188443901,1
32.35366527713588,2,5,A,Mon,31.015480469389026,1
31.55622784814983,1,4,B,Tue,52.11401036921474,0
40.325064101979834,4,1,A,Tue,57.439367196942044,1
16.548356298876996,4,8,A,Thu,29.653547290342942,1
51.42764838816204,5,5,A,Tue,48.21508801171937,0
62.40580546505778,2,7,B,Thu,44.87550319080195,0
69.99192301660982,2,8,B,Wed,35.77303422028522,1
19.841313894659734,4,8,A,Wed,27.55864740469916,1
32.05301788437221,4,7,B,Sat,45.867301811098436,0
66.97664546965936,3,9,A,Sat,38.59167630270985,0
42.6035236407051,1,7,B,Mon,28.16256482942117,1
61.78310423383201,1,2,A,Tue,45.024763808242895,1
24.688529142495707,1,2,B,Sun,46.68152210066459,0
82.66345500964094,1,1,C,Sat,62.782738748029345,0
23.71855987557715,4,0,A,Mon,51.81316440133561,1
7.109248165629419,3,3,A,Fri,37.266664954818886,1
50.7520050264575,4,1,A,Sat,59.77089071012264,1
51.34393132127556,3,1,A,Mon,68.7822755959761,0
36.83142489984836,3,4,A,Thu,34.95702419307181,1
57.73209213104443,3,3,C,Thu,63.943725593557716,0
58.45987917790015,0,0,C,Mon,55.06430295803552,1
55.667481714177626,6,8,A,Wed,34.668103339810614,1
36.51267122542625,4,3,B,Fri,52.65311481928434,0
33.21041792440052,1,4,B,Mon,38.062022683442834,1
38.37177475481282,6,6,B,Sat,33.399270480601295,1
31.059576966891356,1,1,A,Wed,44.77819315715161,1
75.314267345324,3,7,A,Mon,42.69058187001523,1
39.935670207985034,6,1,A,Tue,53.265278242574105,1
50.100089908263534,3,9,A,Sat,21.62074126655658,1
66.85642206319218,1,4,B,Sat,44.364502169575445,1
30.329110185556036,4,1,B,Thu,62.1070741820954,1
23.21245887115522,1,1,A,Tue,40.076331721108275,1
31.111677689816332,4,3,A,Tue,41.787110208186725,1
52.5715377837155,5,3,C,Sat,50.51183872996071,1
50.97485412450765,1,7,B,Fri,39.04360852110692,1
55.620087354077555,2,5,C,Sun,39.86199454385166,0
44.472149158276686,5,9,A,Wed,35.743550488008374,1
11.321321586529224,9,7,B,Thu,36.90959832817415,1
43.8255931011789,5,6,B,Tue,38.84161857594803,1
70.78253619805908,4,9,C,Thu,38.1056736415306,0
78.78737614806555,4,3,A,Sat,53.5126194373573,1
48.608209563991835,4,1,A,Wed,57.81514809652211,0
51.06026850987781,3,8,A,Mon,29.500458273551224,1
61.27278801924179,2,1,C,Tue,48.927087637283286,0
77.80381747434711,2,0,C,Wed,58.89120150998455,0
46.67807281065719,7,7,C,Sun,52.01922947011394,0
60.89630536984902,4,9,C,Thu,39.49039484359651,1
35.75540588898078,3,8,A,Sat,45.3002268118438,1
24.951524230094297,1,0,A,Wed,59.61307313388537,0
37.54419836511539,1,6,A,Mon,28.93535261644189,1
85.60111213344672,2,1,A,Wed,56.202065062207424,0
61.43964847512106,2,5,C,Sat,43.98676184664499,1
26.13496697605353,4,4,C,Thu,41.9643661636493,0
62.70086058639564,3,0,A,Tue,62.50428486121661,0
27.130370166345724,4,1,B,Sun,54.856210968326074,1
55.27946576747568,6,1,C,Sun,61.52691825314318,1
29.766606907876024,2,9,A,Tue,18.307996677107077,1
25.399612688333093,5,9,A,Fri,19.547925485309378,1
91.90699165019407,1,5,A,Thu,46.44261576976955,1
39.92157896772407,4,0,A,Sun,65.66279870431853,0
60.94741417711602,2,3,B,Fri,54.70879126596073,1
47.5562148941261,5,9,A,Fri,20.050639471821064,1
28.19229981264145,2,4,A,Sat,38.22954931902208,1
41.90048900771254,4,1,C,Sat,57.96393915516437,1
28.31347587067727,2,1,B,Sat,44.56146554477927,1
120.59516476232108,6,6,A,Mon,58.13573394484515,0
65.75087983002734,2,6,C,Thu,42.52622921297812,0
47.153669751410646,0,5,A,Tue,34.61781050384945,1
59.51166694047576,2,0,A,Thu,53.46733060864129,1
63.88933983436243,3,2,C,Sat,62.29730676330162,0
63.9640641461305,2,8,A,Mon,39.189576211056554,1
62.76350018271155,4,9,B,Thu,31.556068119643783,1
60.65433069904373,2,0,A,Thu,70.22949550441339,0
48.90177765084336,2,1,A,Fri,50.202088365241664,1
88.7647793895078,4,7,B,Thu,46.44760280189995,1
50.317161569534775,1,6,A,Fri,41.47791203346082,0
47.77462112175748,1,8,B,Fri,29.37906816906232,1
50.512325352072196,4,9,B,Wed,41.79616969879419,0
52.13752442745816,3,3,C,Sat,50.636558665492785,1
19.92272395109447,8,3,B,Sun,59.000766510609886,0
30.959609532372593,1,6,A,Mon,13.537991834501351,1
44.471458657343746,4,0,C,Fri,67.87198334246841,0
19.40929469945853,2,9,B,Thu,11.030415859630885,1
47.11932209597231,2,8,B,Fri,26.389438110608893,1
51.82989066133962,3,1,C,Fri,49.40976879266123,0
24.394285158563672,4,0,B,Fri,61.37162306204884,1
34.57793069936071,3,6,A,Tue,37.002103447390226,1
80.18964627599254,4,5,B,Sun,47.408870342749836,1
59.7806397250298,5,2,A,Sun,63.05064829238188,1
58.27810608458595,5,0,A,Tue,72.31576539750395,0
75.88394132667686,2,4,B,Tue,55.79974205504571,0
31.250371164718274,5,9,A,Tue,31.225795898728194,1
24.430566790209348,3,3,A,Sun,39.975805921268275,1
71.40997734569203,5,4,A,Wed,54.083573289798345,0
45.045090443732505,3,0,B,Fri,59.813476463823804,1
30.85053147337703,6,0,A,Wed,65.81525894544518,0
107.92393960401608,1,4,B,Thu,42.78917694523312,1
19.840078258064246,1,5,A,Sun,33.50490006542996,1
50.77236388448708,4,4,A,Sat,46.35875638346651,1
42.68056040009388,3,1,A,Sun,60.03521026978059,1
39.36302376525885,7,8,B,Mon,39.21526634769537,1
13.337496408937024,2,4,A,Wed,36.76221790363858,0
88.24888208021159,0,4,C,Tue,36.69901458505889,1
22.16950202007223,2,9,C,Tue,27.75537333959116,1
41.14007890010974,3,8,C,Thu,29.909895445760178,1
37.99453702900273,2,2,C,Fri,41.26988609284113,1
60.570473726740374,3,4,A,Mon,50.5157688994702,0
19.956788174817707,3,4,B,Wed,44.483078115490315,1
57.37967492692664,1,1,B,Fri,52.834980481654,1
50.885920219579816,4,3,B,Fri,62.663071795827435,0
33.77721577372875,4,1,C,Sat,60.98151667826762,0
56.48472546407369,4,4,B,Sat,43.11383334450534,1
47.081529262823636,3,9,C,Wed,37.3491914724584,1
97.50443034844749,2,1,A,Wed,66.54563743979404,0
42.66296145951016,2,9,C,Wed,37.55464714651992,0
28.904511234349776,2,8,B,Wed,31.20197826757677,1
57.63377600536286,0,9,B,Tue,24.558086400647944,1
40.22526444147634,4,5,A,Sun,43.478937605909955,0
46.651360947921454,2,7,B,Sun,28.93947697434919,1
24.531316545277257,4,8,C,Fri,32.29217902463758,1
60.9816947147504,2,7,A,Sun,45.86543929420959,0
37.23125609352118,7,4,B,Fri,63.94956805253225,0
52.64915273528004,5,4,A,Tue,54.226301669422746,1
108.30909732136702,3,5,C,Sun,55.89696433958237,0
41.531122884285864,1,0,A,Fri,57.52443195275514,1
64.65978526141646,4,7,A,Wed,34.801075512465985,1
42.86023066150827,1,1,A,Mon,58.54601966518469,0
33.9972757112558,2,5,B,Sun,47.9067808070602,1
81.42507232625931,2,8,A,Sat,45.847439456238384,0
16.843110615979842,4,2,B,Sat,36.47471347362006,1
71.99040459911303,5,1,C,Fri,67.76859283039323,0
15.734264442598239,2,9,C,Mon,31.021041423835555,1
68.7266666077513,2,4,A,Sat,44.709849263867085,1
46.97567973880317,2,8,C,Sun,44.030106115200184,0
28.94372302819483,3,5,B,Mon,32.00562644510049,1
38.41437722113138,4,7,A,Tue,40.90448870798605,0
63.118375468058126,1,7,A,Thu,32.54515520496857,1
103.70740449830092,4,6,A,Fri,60.49605175602932,1
20.37514620775013,5,4,C,Tue,48.54532997260578,0
29.818941539277,1,1,A,Tue,35.53657744373514,1
23.42408157761713,2,9,A,Mon,41.59472816256634,0
42.6992613233044,3,9,B,Fri,36.67718860406437,0
69.54227201038097,1,4,B,Tue,47.18177421573376,1
21.813438160829037,3,6,B,Wed,24.328397900351597,1
46.406002384944536,4,6,B,Tue,40.570023244031674,1
68.56712344565324,4,1,A,Wed,66.8089082506911,0
38.15453652622678,3,6,C,Thu,30.79961536694522,1
9.987602093494717,5,5,A,Wed,40.33730064330444,1
51.097722448119455,1,6,B,Wed,33.6876686586163,0
78.77670141166053,4,7,B,Mon,37.888820823868215,1
27.142463571574474,2,3,A,Tue,46.48826297763898,1
17.82473761801694,1,0,C,Thu,41.93577600291609,1
53.91812598675423,4,7,A,Tue,43.31683535205828,0
54.58747232477905,3,7,A,Sun,36.36749587984242,1
36.91280191455314,2,2,C,Sun,51.522824059437774,0
33.53874740550963,2,2,B,Wed,48.16218512491385,1
47.40833799491011,1,4,B,Sat,40.361558044010096,1
26.899464144814587,2,2,B,Wed,35.84667221769415,1
26.92072814766688,4,4,C,Tue,37.709775296331614,1
62.935060346204715,4,7,A,Thu,35.37181943705057,1
25.989039823355743,6,0,A,Sat,54.88076629217861,1
18.43173919195744,1,1,A,Thu,43.24623166879524,1
33.50657847697556,4,1,A,Mon,61.23275394862709,0
37.33612036328368,0,3,B,Wed,26.627527745488607,1
57.37690373345157,2,8,A,Wed,36.60067770981646,1
34.91245896228434,2,1,A,Sun,47.52815338816987,1
84.63052167125589,2,8,A,Mon,31.32411377474714,1
48.534119624912755,1,6,B,Sun,38.46842593663665,1
31.29324581279453,3,9,C,Tue,14.73074500653427,1
56.30118230696545,5,7,A,Wed,32.38161514640202,1
83.96498604226264,1,0,B,Tue,77.43877652050217,0
62.1754608632351,2,4,A,Thu,53.16662204534808,0
21.1450460521719,5,8,B,Sat,34.54277585855426,0
38.85367987970641,2,3,A,Sat,43.313227672256765,1
52.282961327408096,2,1,A,Sat,50.548744994516056,1
61.03871731526895,4,5,B,Sun,45.386620889532715,1
42.81998328629402,2,1,C,Fri,60.00966909263149,0
40.076560064875636,2,2,A,Mon,45.025187518181625,1
97.18220378737945,3,7,B,Sat,46.20989568767268,1
62.58108830427423,4,2,B,Wed,53.72609526042344,1
56.37927600190192,4,1,C,Mon,52.171518863331414,1
35.615137218904714,4,5,A,Thu,34.59268517897239,1
26.7067899027518,5,2,A,Thu,63.93673893739174,0
56.81940451088998,2,0,C,Sun,66.60091853517685,0
65.59712064791186,0,2,A,Thu,60.304735578404504,0
46.54588319812938,3,5,A,Thu,40.328008657167146,1
62.655130825551666,3,2,A,Fri,61.65938099492627,0
63.3622646777407,2,8,C,Tue,31.78063094948073,1
67.517573958427,3,6,A,Tue,47.29096844769789,1
20.95707862481982,5,4,C,Sat,40.467185557026184,1
39.371051242088306,1,1,A,Fri,41.95405316216543,1
58.33935300878325,2,8,A,Sun,34.27425746283771,1
47.750180408526,4,4,A,Tue,44.78935664773733,1
63.449468426190485,2,6,A,Sun,47.93948865535981,0
56.364239777160414,0,8,B,Sun,30.82847675597531,1
13.893552252414999,5,3,B,Thu,40.883090239805256,1
74.60678441108618,0,8,A,Tue,29.826745515157178,1
37.06805637220528,2,0,A,Mon,49.86155608314117,1
30.39974339825058,3,5,B,Sat,43.51390369191517,1
73.5129540805222,2,1,C,Tue,55.774188355090594,1
61.30477815494287,6,7,B,Mon,44.04284159095166,1
78.0488736070306,5,4,C,Wed,47.82757335324904,1
52.54088636408271,3,2,A,Mon,62.16215022438503,0
39.135287170202794,4,1,C,Mon,62.96759440129873,0
49.833251208718856,5,7,A,Thu,42.79045841611852,0
27.774716281266194,2,6,A,Thu,49.1699105303957,0
23.120370253167152,2,8,C,Sat,26.31004616317624,1
34.35021187485781,4,7,C,Thu,30.751990421943354,1
88.25859495241434,4,3,B,Mon,56.63745763711712,1
36.022604110913846,7,1,A,Fri,64.36165627564958,0
18.64711378237937,6,1,A,Thu,60.44880856175588,1
43.379245636194995,4,1,A,Thu,66.34175298905005,0
35.79611150286687,3,5,C,Mon,48.42939777995153,0
75.20637161138379,5,6,A,Wed,55.625503975037745,1
85.47271966533431,2,5,C,Wed,40.903390280607255,1
38.29252462060425,6,1,A,Tue,68.53799266907818,0
52.51821118369907,2,3,C,Sat,56.23989445207675,0
54.494267081515666,6,2,C,Wed,63.746588907694054,0
45.62352617697273,3,3,A,Thu,52.9947684878381,0
41.86429374689104,2,4,A,Fri,44.9887502774928,1
29.412949189147277,5,6,C,Tue,42.132033068933914,1
17.06696738061593,3,8,B,Sat,26.302092565072343,0
29.329217209511572,2,1,B,Fri,55.94794629870953,1
44.88730723539656,2,7,B,Fri,37.69125493916004,1
21.833357366687288,1,2,A,Thu,38.95897842255055,1
51.28887847690733,4,8,C,Mon,30.30152804654363,1
48.18076151740438,2,9,A,Mon,32.18838202442737,1
35.82521288157835,3,3,C,Mon,46.64704756120915,1
41.040796843473885,2,2,A,Wed,49.790196325189996,1
23.845900194986886,3,9,B,Mon,26.623452859572886,1
66.98372549924994,2,5,A,Sat,48.46948230987479,1
66.48097015435714,0,9,A,Thu,30.575876324371798,1
25.99680150783504,2,8,A,Wed,22.529974223199382,1
26.374765478356117,3,6,B,Sat,30.3126587167541,1
29.51995805847173,1,3,B,Mon,48.683747685915975,0
59.622424409310604,2,2,C,Sat,61.373216804228804,1
54.41767839489622,3,9,A,Fri,29.134604593378732,1
73.1445184121983,1,3,B,Thu,49.44451376336689,1
76.76680574885737,4,2,B,Thu,61.826335484579005,1
20.789875688787568,1,2,A,Sat,38.06192343932908,1
58.68068234071619,5,8,A,Tue,41.723557043804064,1
75.41306887716333,1,3,A,Thu,56.15250689353109,0
39.815406423113444,1,8,A,Fri,32.212563797352615,1
46.15972883047124,5,9,A,Thu,27.509007312252642,1
43.00060685282012,0,4,B,Tue,48.16955773769418,1
43.88376118880167,2,6,A,Thu,33.214295498562166,1
66.88247605328792,2,4,B,Sun,47.983822029166895,1
95.58367791843807,4,0,C,Thu,75.14114178678058,0
83.32287406413963,2,1,B,Tue,60.2713148505725,0
36.622632698079144,4,4,B,Sun,55.490804702609594,0
52.593195697708396,5,5,A,Sun,44.19707768116043,1
31.700476757600114,2,6,C,Thu,34.968694380955306,1
33.28230994862474,3,1,A,Sat,45.63080204779534,1
45.230440836258296,4,9,B,Wed,28.74700549778715,1
32.84932277810529,5,8,C,Sun,31.097617320496546,1
35.224162906465956,2,5,B,Sat,46.797907400172036,0
52.03179585037651,4,1,B,Thu,64.94557833466125,0
58.314773356500496,4,1,A,Mon,63.77998620231323,0
57.62373029776491,2,2,A,Mon,47.675025166734365,1
57.878876780909216,3,0,B,Wed,67.15032601534135,0
24.71108815005699,0,8,A,Sun,21.930794503300994,1
32.04357907870203,7,9,B,Thu,34.053332378490296,1
47.4910245401196,0,3,A,Fri,50.34490659212189,1
73.89503793261494,0,4,C,Sun,53.53868928593835,0
118.62312982320091,1,6,A,Thu,65.34479346364265,0
53.542392381690995,1,0,B,Mon,60.36094872644309,0
64.05411668455598,0,2,B,Tue,46.56875704085086,1
23.311125503525666,1,2,A,Wed,46.135124925430425,0
63.2929138009158,5,1,A,Tue,61.16811961785085,1
104.29988672077764,0,7,A,Fri,38.23166123757552,1
31.986942667989165,6,4,A,Thu,52.056600159359945,0
35.77312999016749,3,0,A,Fri,43.653121825946656,1
67.80775240010533,4,1,A,Tue,65.89077627493899,1
47.2172706129418,0,0,B,Thu,47.527130680909416,1
16.26793228057267,7,5,A,Sun,57.62844361402029,0
36.80400442655212,4,8,C,Sat,38.87956315558525,0
85.3154184213072,0,6,B,Sat,50.28600814961802,0
40.89605770307731,2,4,A,Sun,40.55070635448904,1
40.880288173051255,8,2,A,Fri,60.249560204529985,1
65.90759356065266,3,7,C,Sat,33.13633789378804,1
54.40480547307469,2,9,A,Sat,33.79271175455962,1
39.86923683147218,3,3,B,Mon,51.13964577759207,0
34.650942524516765,4,8,B,Sat,43.558571682957165,0
143.76234342643926,1,4,A,Mon,51.4491167726979,1
79.0495116285681,5,5,C,Wed,55.037356591644354,0
57.86932912337348,1,4,A,Mon,43.43277632506607,1
59.51536791232739,5,9,A,Mon,34.084908604215805,1
44.00866895217377,2,6,C,Tue,45.08605007227706,0
54.11406718450773,1,6,B,Mon,35.86073149737843,1
41.87637294344084,0,0,C,Mon,65.51499194601247,0
30.58468116855583,2,1,B,Tue,49.818660806393254,1
55.0638287754954,1,6,B,Mon,32.84936326258596,1
40.21603681576514,2,7,C,Sat,37.0770255648172,0
56.342720301371955,0,3,A,Sun,48.289182762591665,1
61.042012424903405,3,5,B,Mon,35.56669457416628,1
57.66426286694619,6,9,B,Wed,39.32882752693257,1
29.378851777697786,2,2,A,Mon,46.29686857140969,0
38.21869837017124,0,6,B,Mon,35.18987735370529,1
40.577850627822784,2,2,A,Wed,43.954405863902686,1
71.08008599904623,1,6,B,Sun,40.84719720906924,1
69.45224511577634,6,7,B,Tue,45.07641541625862,1
32.95508077590035,4,2,C,Sat,41.65753728384226,1
24.41756065902436,1,1,A,Sun,47.085111909277366,1
121.16971207348143,2,5,B,Mon,57.629611165530655,0
56.65842999547103,5,3,A,Sat,64.3409384103478,0
22.784578795271976,2,7,B,Fri,22.546916668174724,1
35.498500341301416,3,1,B,Sat,51.310028175031846,1
72.39116383010587,2,3,B,Tue,49.67355531969128,1
107.88254165733834,1,1,C,Tue,57.56358926556413,1
99.87537405296821,5,1,C,Sun,73.87382512998205,1
55.59943219062403,3,1,A,Mon,54.28759690724882,1
46.73962393001653,3,0,A,Wed,61.23965095003554,0
28.01193221507547,2,3,B,Tue,50.09616284088624,0
48.54230307778262,5,1,A,Wed,49.43005198258896,1
29.874068710968068,2,8,A,Sun,38.23330712169906,1
38.3941823238192,2,8,B,Sun,22.25035780478063,1
67.77625384948641,2,6,A,Fri,42.31420636517255,1
41.779558178787795,0,5,A,Wed,33.661498149245645,1
40.487650665864095,3,2,C,Sun,53.99967191941249,1
45.59050296699816,5,6,A,Sun,50.00770564379542,0
129.26370587416872,2,0,A,Sun,66.66127654927716,1
26.53127576824542,2,8,A,Thu,16.016375029185397,1
52.995417883152314,4,3,C,Sun,40.69856739101587,1
95.89886533953981,5,5,C,Sun,52.989674967323175,1
45.528509720062786,4,5,B,Wed,48.957415991566364,1
78.40324218194526,2,2,A,Tue,45.3199032587698,1
23.575396228524287,2,3,C,Wed,48.96192320353817,1
42.41768704457027,2,9,B,Wed,30.918226909077546,1
31.42960324321542,2,2,C,Thu,37.54233203976887,1
45.30778630181224,2,5,B,Thu,32.635661999701874,1
45.74767524220873,3,0,A,Mon,58.22739544580397,0
47.931356613148246,5,7,A,Tue,48.082707062337334,0
67.49902694168506,3,7,A,Sun,38.218721327694645,1
13.011868559700188,3,8,A,Mon,32.134234782096996,0
34.74910582183899,5,5,B,Sun,39.42666121844984,1
51.38133581758812,4,0,C,Sun,67.1672135236267,0
16.733700395781078,1,2,B,Thu,51.53240547874908,0
61.37490875870154,2,0,A,Sun,55.63399054747955,1
34.436895883564574,1,4,A,Sun,33.57400891704036,1
42.79288482965349,5,2,A,Wed,57.51911407168825,1
68.85170465834862,0,1,A,Thu,49.66360008972633,1
79.9800544422435,5,2,A,Fri,62.7558577053732,1
62.20350210719005,4,8,B,Wed,35.94121252510559,1
26.151812048899185,3,7,A,Mon,35.655571499645134,1
60.83409632118397,3,2,C,Wed,58.333034176665564,1
62.64458443152681,3,1,A,Fri,69.52041908264506,0
57.25846416132309,1,4,C,Thu,38.69231257633564,1
85.7097548178721,1,0,B,Tue,64.33136300319472,0
48.50105279938112,2,3,A,Sun,49.06890465033288,1
84.24846004816197,3,7,B,Sat,49.52680261636862,0
84.02160644958681,3,0,B,Tue,70.63330833276122,0
63.42494359908025,3,4,B,Tue,43.21042483203547,1
53.37109324672801,4,3,B,Sun,56.72135179716314,1
57.404772796025384,5,5,A,Thu,51.68341774785418,1
93.86505487792307,2,6,B,Tue,44.178105018334854,1
73.8529348879199,2,8,C,Fri,31.543621504643426,1
27.726559793787352,3,0,A,Sun,48.0970033714149,1
55.80149618710059,2,9,A,Thu,28.826490670352342,1
30.6462114757357,4,3,C,Tue,47.06309181030111,1
33.94979704714534,5,5,A,Sun,45.477850810751825,0
39.111644268058654,4,9,B,Sat,22.59797109638429,1
22.412255887435926,4,6,B,Mon,34.880722294449846,1
29.67538452522431,5,6,B,Thu,42.25839074434819,1
87.78227182407375,2,7,A,Thu,40.92561726380363,1
33.8494966936079,5,9,A,Wed,28.523060146981145,1
67.66754714639467,1,7,A,Sun,36.88350754881665,0
50.47811983499243,2,7,B,Tue,29.925684217163827,1
59.667582240343776,3,7,B,Mon,41.32558134560703,1
60.79373115354626,3,7,B,Sun,38.8927060244999,0
29.031658244711007,3,5,B,Sat,53.66994715772163,0
67.49193568838537,2,8,A,Fri,41.92374283367024,0
24.783822590703206,5,2,A,Thu,41.02508914248119,1
33.17498141317197,3,5,C,Fri,48.151183302020506,0
60.402864087910984,2,4,A,Fri,46.33168098369594,1
28.094117907290613,3,7,A,Fri,36.43073346002542,0
15.812651150638581,6,3,A,Wed,50.85904714793941,1
54.63481697034982,8,3,A,Sun,54.82770025228401,1
20.368170265258296,3,9,A,Fri,26.23356971892138,1
62.92898228477032,0,9,C,Tue,25.41189610760935,1
40.44111863901493,5,4,C,Tue,44.67028792670607,1
54.28540930249544,3,5,C,Mon,56.572057249200576,0
53.83501586786497,4,3,C,Mon,54.68473213561081,1
64.99857930182418,3,1,C,Sat,58.462411958615974,0
61.18728809940785,2,1,B,Fri,63.13896663210571,0
27.969109856613503,3,2,A,Fri,55.06108358544529,1
41.590017005110624,1,1,B,Wed,62.16242632757179,0
54.25678791039612,3,0,A,Sun,52.304509218898126,1
84.91988159971885,0,7,A,Fri,51.96387499513009,0
61.43608945362019,1,4,A,Fri,46.93740387684044,1
81.66417231090149,3,9,B,Sun,38.08997212093905,0
55.5313443435492,1,0,A,Fri,62.14464277113108,0
74.42462845353971,0,8,A,Thu,33.27323638118545,1
52.26218717309472,0,7,A,Thu,24.06777870333425,1
73.07955829169197,4,3,C,Wed,57.1463823286978,1
39.47945111119235,3,7,B,Wed,45.0446703512567,1
89.24296349478686,4,9,C,Tue,45.67472303735821,1
58.319259929110416,7,6,A,Wed,48.47379370410312,1
22.495302987493574,3,6,A,Sat,31.092207919862496,1
55.06787235279678,1,0,B,Tue,54.65551717832437,1
61.52534475075033,3,5,A,Sun,46.428979982060056,0
68.52090153996159,3,3,B,Fri,48.316456346317175,1
102.8898114533632,2,9,B,Wed,27.769108214795565,1
36.57170977210788,7,9,B,Sat,44.48713968898857,0
103.19860113937345,2,9,C,Wed,43.95221580293011,0
46.74654783846296,4,1,A,Wed,57.43956688188345,1
32.39460654603439,3,9,A,Tue,26.077771216910627,1
36.94833837857833,2,6,B,Sun,28.335639823156654,1
59.9129753195127,0,8,A,Sun,28.985040088986523,1
30.12398550009855,7,4,A,Tue,44.45744685357337,1
39.79480063341886,5,7,A,Mon,53.23612553119936,0
54.45953832522041,5,4,A,Tue,52.67448018365869,0
88.93535745011476,1,6,A,Tue,47.43670289098317,0
67.65234783968616,4,6,A,Thu,46.46248181538357,0
47.613016828148176,4,8,B,Wed,36.02148146722534,0
59.792067226383445,2,2,B,Tue,50.10872826119292,1
52.07634668388668,1,0,B,Wed,46.18781831118259,1
25.956590375685536,4,1,B,Wed,49.25184695869391,1
95.78909967987401,5,5,A,Thu,56.30793030672565,1
89.56306855427525,5,9,A,Wed,38.79439366278987,1
45.08737482091067,2,9,A,Sat,15.002820407393685,1
37.573897750079816,6,8,C,Tue,42.18458651146262,1
26.255767670653796,3,2,B,Wed,54.58407021127285,0
61.45273009469052,4,9,A,Mon,42.68341615112888,0
61.62985912159275,4,1,A,Mon,56.16565838132854,1
31.3586634078094,2,0,C,Thu,62.3261978103344,0
52.3520849204861,10,1,B,Sat,72.1603937095532,1
66.72598715198708,4,2,C,Sun,68.53505190891927,0
36.3758960621766,3,6,A,Sun,36.61879420634995,1
42.549866951325,0,1,A,Tue,38.63009746368601,1
42.359359342494194,2,4,B,Thu,50.497734591485816,0
32.32531758566521,2,1,B,Mon,48.80222869188512,1
42.951124885819624,1,6,B,Sat,37.84697716646143,0
20.570004321987213,4,9,B,Tue,21.104720391680182,1
41.348429238654354,4,7,B,Wed,45.98487765147192,0
41.64171422729174,2,7,B,Tue,30.949159244232256,1
45.34508311236121,3,7,A,Fri,40.118413175365276,0
57.80889578317178,6,9,A,Tue,44.92380931723515,1
25.201558994233046,2,8,C,Wed,28.398021466104048,1
27.581460972106502,2,0,A,Fri,59.68897389203871,0
31.93089311423826,4,0,B,Sun,60.47834002973214,1
23.893768502078835,5,9,B,Sat,37.43064778922418,0
60.73709251403454,2,1,C,Thu,57.6268897719959,0
35.630992018566914,2,5,A,Sat,42.17822655104514,0
45.99079237376206,4,0,A,Tue,60.85787204204006,1
30.63324281726932,3,4,C,Sun,43.25084257426406,1
39.32091506360264,4,4,C,Thu,54.09575017010292,0
53.47822794113033,3,3,B,Tue,50.007135578578605,0
54.63841595647948,2,4,A,Mon,46.994462952370675,1
28.163485054204763,5,0,A,Mon,63.30762789695068,0
44.947077709569044,0,5,B,Wed,36.98912358661806,1
30.884754988098052,4,6,C,Sun,32.02613038619297,1
44.18940923928137,3,7,C,Sun,43.668053260179306,1
34.239479267837666,1,1,A,Sat,55.085375373157675,0
98.50376959978513,4,6,A,Mon,47.613017383627096,1
66.5563546756065,4,5,A,Fri,49.54220099580394,1
55.70105173696913,3,8,C,Fri,37.43050147512365,1
40.89763116705175,0,7,B,Sun,30.349909538606525,1
67.40864032638756,3,3,A,Sun,45.5077068582679,1
45.543730562142315,5,8,A,Tue,40.82208360654117,1
94.0079142071748,1,0,B,Sun,67.07728157597106,0
70.38550841089888,5,5,A,Thu,48.996629496399464,1
39.18852738466108,2,7,C,Fri,27.793938529394403,0
89.22550499940947,2,3,B,Tue,50.52484786856529,1
40.99445374506701,2,1,A,Thu,46.84715220946574,1
101.07016593812429,3,1,A,Sun,65.46707236470345,1
91.34085829129056,5,9,C,Sun,38.64319002401689,1
53.348627806864016,5,0,A,Mon,60.56171844685035,0
20.97267970760719,2,4,A,Tue,45.413754303988966,0
51.5079393592828,3,5,C,Thu,40.04944121080495,1
26.749276126681107,0,3,C,Wed,32.70710430368191,1
34.728257728056214,4,3,C,Sun,46.38328329483634,1
35.962263936118035,2,4,A,Sat,38.293750231409305,0
26.636737773580368,8,4,A,Sat,52.42964656702775,1
51.59487350091871,5,8,A,Sun,35.404961941520426,1
32.81243181228673,4,7,A,Wed,32.225980990507125,1
41.861803957883446,3,8,B,Fri,35.13636132960367,1
36.10605456236813,3,2,A,Sat,44.542107633877414,1
57.91947631813531,1,2,B,Thu,48.87717541354282,1
56.0618228423079,1,0,A,Sun,52.56477995314658,1
40.32806384328151,3,9,A,Sun,51.14534898421462,0
59.19970057689493,4,5,C,Sun,47.28193792719122,1
78.56857302080057,2,3,A,Wed,45.006430608121924,1
14.542132666132064,2,7,A,Fri,34.669482319254456,1
35.14248294517911,4,1,A,Tue,57.24346471233103,1
29.218477142127707,2,1,A,Sun,47.0685042372173,1
33.67635700396288,3,6,A,Tue,32.548632976556306,1
13.09185857174629,2,4,A,Thu,27.98648848346791,1
14.210338696938859,1,0,B,Thu,46.99475720537843,1
8.92049862004053,4,6,C,Thu,28.40831784775758,1
36.682298849882116,3,6,B,Sat,38.936617981943876,0
36.196549940846005,2,9,A,Thu,28.116357660189067,1
83.541924333103,4,5,B,Sun,57.43290836016632,1
49.78516482910302,2,3,A,Wed,50.57566785198371,0
14.114087190808274,3,7,B,Wed,39.85228473982228,0
58.53015949619145,0,1,B,Fri,49.76712754111842,1
193.2443501922496,4,1,A,Wed,85.44301270167628,1
14.571086558141296,4,1,C,Sat,43.82111187580734,1
94.71920555522983,3,2,C,Tue,65.88209654087423,0
45.69037818407055,0,5,C,Fri,36.65488809362001,0
38.08894547747239,0,0,A,Wed,41.504802355551526,1
35.407510633530286,3,1,B,Thu,60.67287826688782,0
54.15292279004003,2,9,C,Wed,25.20914000285157,1
38.24087246037078,3,1,A,Mon,54.0727595278124,0
26.263806924027186,2,0,C,Fri,51.205217180721704,0
36.03108261505188,6,2,A,Sun,53.63752861213569,0
54.84634294224079,4,9,A,Sun,22.187231332551978,1
63.09695855587997,3,6,B,Sat,49.174115702402666,0
99.0754621401378,4,0,B,Wed,62.67796836286604,0
48.817386822815514,6,6,B,Wed,46.12007321697769,1
80.63140348935313,3,4,C,Sat,52.447653931995454,1
42.5858157986967,0,8,A,Tue,24.021539202800064,1
45.2937319594048,0,1,A,Thu,46.42941659213924,1
44.20059380012374,7,0,C,Thu,61.41331803113418,1
51.46037115831496,5,8,A,Tue,37.41803586911766,1
68.07322114996404,2,7,B,Tue,37.68247889645535,1
37.50140173193144,6,9,B,Mon,39.00783716378574,1
29.972143470912286,6,5,A,Sat,50.65857418249515,1
70.49498416845991,2,4,A,Fri,61.60996791943295,0
68.26490320813852,4,7,B,Thu,36.6643112726281,1
86.25676843164078,2,7,C,Tue,44.03997956835593,1
34.7973944690891,1,4,B,Tue,39.489799583283066,1
41.88141715369416,5,6,B,Sat,45.13150950255391,0
71.67524976777149,7,0,A,Sun,71.9032825670006,0
37.29720279586273,0,3,A,Fri,36.5759381273114,1
61.91503807617431,2,1,A,Tue,56.07859050742343,0
42.67111534128321,0,9,A,Sun,14.587816725140293,1
54.02297617629618,4,2,A,Mon,55.29150566871933,1
26.00516674030356,5,0,A,Fri,55.36469573634587,1
48.53170939899638,2,1,A,Sun,50.844273637917034,1
7.285536782125898,1,0,A,Mon,48.090591028343496,1
77.86792625434751,3,7,A,Wed,39.594213318353674,1
65.55567799572393,2,3,B,Thu,52.2629703743589,1
29.022709159992456,3,2,B,Tue,42.10965840902963,1
95.50632762524332,3,0,A,Sun,61.37517910641064,1
75.74873430639799,5,1,C,Fri,62.21968744071816,1
26.615476378527283,4,2,A,Mon,57.92967492437694,1
36.14678957477604,2,2,C,Thu,59.65636961575335,0
27.36124522462579,7,5,A,Thu,57.962366791225996,0
54.703353295281644,3,9,C,Tue,23.080963906313556,1
35.39819480798314,3,7,A,Sun,32.805157931014776,1
16.347436590176237,0,5,B,Thu,32.3750210878522,1
45.19964849086746,6,1,A,Tue,76.4665687017613,0
69.25273797837438,3,1,B,Sun,48.431909129118196,1
48.988691989503096,0,6,A,Sun,35.45253522946833,1
59.41925134133723,6,0,A,Wed,77.20571817775253,0
51.117513752901004,3,0,B,Tue,66.48221382937555,0
64.34616853146879,6,6,A,Sat,40.117644657136125,1
53.18580830137879,1,8,C,Mon,37.903454771612225,0
44.065725558588,5,4,A,Sat,56.95725788485095,0
48.712941389905076,4,0,A,Sun,58.63151106000352,1
87.68717677190467,4,4,B,Sun,58.1126030051192,0
60.91982368040114,4,0,A,Thu,64.13973898177562,0
28.975485784242018,1,9,A,Thu,23.075927791916172,1
48.36052768110367,1,8,B,Thu,32.29027675804104,0
54.26434685422657,9,3,B,Sun,64.58511702281625,0
43.392397461097545,6,8,C,Tue,43.980261286011604,0
16.395225735736684,4,1,A,Fri,57.07789582770674,0
30.438570208095257,2,6,B,Tue,37.2813877623419,1
38.28986687811411,3,1,A,Mon,52.677681538242965,0
100.47651250571451,4,3,A,Tue,52.62097424301191,1
57.973373280584866,4,5,B,Thu,42.68420168694409,1
20.586453163074165,2,1,A,Wed,44.116371364094604,0
44.67297883372159,1,1,A,Mon,50.86739233372356,1
81.56581320375264,4,1,A,Sat,59.345270728604916,0
35.16069598366237,1,2,B,Wed,54.5690067823062,0
72.88427113412683,4,4,C,Mon,64.1218914095994,0
20.938432210793934,5,8,B,Mon,31.486227320157717,1
8.327339792860357,2,5,A,Sun,21.378873205973214,1
77.69383446795544,4,8,B,Thu,48.06938892965699,0
37.359264677215876,2,9,B,Sun,20.488151818902576,1
16.808073134982155,3,4,A,Sat,31.35159793096797,1
38.766765126399285,4,5,A,Tue,51.65051849010767,0
50.902347555401796,4,9,A,Sun,35.01477384806396,1
57.059100345055285,3,7,A,Sat,42.84028230140667,1
10.910366537908907,5,2,C,Thu,52.75812103616795,0
33.84227972738219,3,1,A,Thu,58.628162961346455,0
47.95250379633086,2,2,A,Sun,55.91729482141876,1
57.00116584534321,1,8,C,Thu,39.87667572466121,1
28.805794236569795,4,5,C,Wed,44.163012263204784,1
42.344134822548305,2,9,B,Sat,23.719035573329556,1
35.10827842460799,4,3,A,Sat,46.057931553101604,1
51.679803810580765,5,9,A,Mon,32.44498365356265,1
76.45067627170361,0,2,A,Fri,52.818291423366375,1
39.77310657479653,2,1,A,Tue,52.85633750679194,0
22.864285782238525,2,3,A,Thu,41.1795230630182,1
32.95745949988384,2,8,B,Sat,28.223383513074495,1
95.0742610610001,1,3,A,Sat,53.93360484019099,1
30.49730816379614,2,4,A,Mon,32.9874851784043,1
25.216623067774854,2,7,A,Tue,29.27934161168813,1
38.63024272720696,7,1,B,Fri,75.57253727675726,0
44.67821066048387,2,2,B,Fri,44.650879346378936,1
36.140332756222655,3,5,B,Thu,39.52675528453184,1
21.00022406870174,1,6,A,Fri,18.989876084812323,1
53.96431703344333,4,3,A,Fri,51.05733549089967,1
51.704033970637695,2,0,A,Sun,63.42365332498197,0
63.28772953776381,3,6,A,Tue,41.23991629401271,1
51.17534474852852,5,8,C,Tue,39.88689159596643,1
91.54036695607864,3,0,C,Sun,62.91288972092961,1
65.49468048120485,3,0,B,Thu,64.98094377830941,1
59.66220940857792,3,0,C,Sat,53.516786615421665,1
77.70202518848515,4,9,B,Mon,43.756822699940116,1
49.76493013770954,6,6,A,Thu,53.01626143614136,0
42.76596787734114,5,8,C,Wed,34.19499151101361,1
53.68884888283727,1,2,A,Fri,39.57876674636963,1
15.933954460225328,4,7,B,Sun,24.638296040309903,1
49.83775315726887,1,8,A,Mon,29.721748003576984,1
44.65572221539934,3,2,A,Sat,53.34710395270381,0
56.33085340316021,4,2,B,Sat,58.241434413917275,1
72.98160926101603,4,0,A,Tue,72.03350061068362,0
60.44181282937232,5,1,A,Wed,59.96329088805504,0
33.00113788544224,3,6,A,Sat,46.405660605132105,0
67.6960682384618,1,2,A,Wed,48.72715821760123,1
92.13825719841772,1,6,C,Fri,42.19885159387402,1
73.82557912168798,4,4,B,Tue,63.98804384704493,0
23.934925376574725,5,9,A,Mon,20.81548621030643,1
60.155964968375784,2,7,A,Tue,29.408020795537112,1
25.79955694103649,4,4,C,Fri,42.78780904258109,1
40.81350124887916,6,2,A,Sun,45.668853717484275,1
55.58400622704629,3,8,A,Sat,30.081062862272688,1
52.31264062222856,3,6,A,Wed,51.35482712437038,0
73.18502574937918,3,4,C,Sun,48.093359582531356,1
92.33988623211687,2,6,A,Fri,37.59582671218857,1
58.10256847668376,4,9,A,Sat,33.566001848072624,1
39.35176310362945,2,8,A,Thu,33.845934570429435,0
16.378575658593004,1,4,A,Wed,29.764260606529767,1
81.33112763741167,2,6,B,Fri,60.04851589936641,1
44.76540924230122,2,8,A,Mon,39.82722127036695,0
45.859744058861864,4,0,A,Mon,63.75463858514321,0
47.56510714958773,4,3,A,Sat,53.00454899920203,1
56.90568170790083,3,0,A,Sat,63.9262026360795,0
57.66027847283102,4,7,C,Mon,35.94137684829105,1
41.12044387482698,4,2,C,Thu,59.72131879523919,0
44.55855055414128,1,1,A,Tue,50.4551605117793,1
34.81800373709145,5,3,A,Mon,52.59232375093115,1
32.988565223732365,4,2,A,Sat,55.716040945958426,1
32.91066300227125,1,4,B,Sat,42.51966020301753,1
44.316611856038854,5,7,B,Thu,50.14617294002801,0
29.853279683700748,4,9,A,Mon,31.76699323010358,1
7.825394743114865,1,7,B,Thu,28.48857898996802,1
39.0288617096399,2,6,B,Mon,45.3549022845643,0
24.714422113530418,4,7,C,Tue,24.015881238010877,1
49.070285035413065,2,4,A,Fri,44.30228106639957,1
34.75260046373359,6,9,A,Mon,38.83540572049086,1
57.22439795922646,4,9,A,Fri,28.430783727260327,1
25.907696737568124,6,5,C,Mon,40.22126354625621,1
18.13078101600086,4,7,B,Tue,30.325641494117832,1
44.61032261444116,4,0,B,Sun,65.87258483014094,0
38.24517578782997,2,5,A,Sat,33.87352878447015,1
23.60439299727681,1,5,A,Fri,40.00718917115709,0
65.51830777362552,3,4,A,Thu,57.66992300319634,0
28.191843424693765,2,3,B,Mon,38.5869973469472,0
32.226367190567345,4,0,A,Sat,62.81915767122124,0
71.06566628232325,5,9,A,Mon,43.300245986234614,0
58.71525158696737,0,7,B,Thu,22.20865247935663,1
26.654474635957985,5,5,A,Tue,43.151893367486245,1
39.87933542942711,3,2,A,Wed,49.5323253372176,1
25.293530303531234,3,2,A,Mon,53.88335230463817,0
68.75744022002576,5,5,C,Sun,51.80391455155872,1
68.73663675730992,0,6,B,Thu,37.35357696991609,1
98.39941108605741,3,7,C,Wed,48.99039054161994,0
115.34558058236709,1,4,A,Mon,56.684030173359375,1
34.55528923138231,2,9,C,Fri,28.382245412334804,1
63.818270011112176,3,5,C,Sat,38.33461693468976,1
16.66186851080593,1,0,B,Sat,57.734946573143574,0
50.78230402956106,1,5,C,Thu,43.73876141553761,0
56.47387329406321,4,8,A,Fri,38.35887988102722,1
28.96922995845047,5,9,A,Tue,29.553605381408268,1
33.51644428186298,5,3,A,Wed,54.8431686212989,0
68.94504316182272,2,9,B,Thu,33.48505930228764,1
57.10867978436052,2,0,B,Sun,53.7560643060825,1
92.7428161902049,3,8,B,Mon,45.95002702864819,1
87.91251793037489,5,3,A,Sat,64.8061594232271,1
19.24803832363643,6,1,A,Mon,58.1142383821193,0
36.22938062375652,3,0,A,Wed,60.40973627800667,0
27.45846663952548,1,2,B,Fri,47.62097012286556,0
65.01761507389786,2,6,A,Fri,40.87979929849936,1
53.06868842639115,2,9,C,Thu,42.164018762144096,0
28.41385635687058,2,1,A,Thu,38.34492639163277,1
30.658992079979352,2,8,A,Fri,19.04028387512659,1
79.2012318737537,2,1,C,Thu,56.42261799382226,1
38.2084364299357,3,4,A,Fri,50.57133876127297,0
15.158503376176888,4,7,A,Wed,33.325234994552474,0
27.145493093403275,3,9,A,Thu,33.33279969532236,0
101.33374142211954,2,7,A,Fri,39.561964949143096,1
71.98839389718255,2,2,C,Thu,50.16379163125582,1
24.467843514301705,5,1,B,Mon,66.24171480577736,0
50.77167595959634,3,8,A,Sat,38.43866962662077,0
70.00170003792549,2,2,B,Mon,58.196715907792026,0
19.105041991242167,1,7,A,Tue,33.47981777825038,0
73.4776341597746,5,1,B,Fri,67.15698034207858,1
56.863899258919645,2,2,C,Tue,49.157668236962635,1
32.55284425581345,2,0,C,Fri,47.71936356899573,1
60.94896463514153,5,5,A,Sat,50.08541986274084,1
53.4084982961206,2,6,A,Thu,48.74537798273365,0
55.06716186680645,3,3,A,Fri,61.73673967135938,0
49.9394221611469,0,0,B,Mon,49.8095711641202,1
30.10375678536681,0,2,B,Thu,42.3966271415438,1
32.90986030018944,1,8,A,Sat,28.53393011096791,1
41.70956739015371,4,4,C,Mon,53.25122804430585,0
47.66751045479461,6,5,A,Thu,61.130708769314694,0
62.56775908089051,3,3,A,Fri,60.77047261870773,0
102.41700701276308,1,0,A,Fri,79.89773015075446,0
51.847153015026244,0,4,A,Mon,50.957983225806515,0
62.07192447358362,0,4,A,Wed,30.780836911812017,1
68.41424157483002,0,4,B,Fri,47.690987629577315,0
64.04272090573987,1,5,A,Wed,39.719318432363536,0
29.53952209044056,3,1,A,Thu,45.71380124397653,1
82.49861113190137,5,0,B,Wed,72.64291157972082,0
76.78513160772256,7,1,A,Mon,70.70065644676359,1
49.628336348305396,0,9,B,Tue,20.72738799399366,1
30.417160297316542,4,5,A,Tue,46.05447333253775,1
47.31843170699729,2,4,B,Mon,46.12103045927269,0
20.409335256996375,2,4,C,Sun,34.639476036979765,1
87.26108843933869,4,5,A,Tue,52.253666688016,0
34.37715479263437,0,9,B,Mon,35.098171335923986,0
40.7167732759525,3,6,C,Fri,44.03503813188401,1
84.50726720083352,1,8,B,Wed,34.240829064595886,1
80.04474213270106,3,6,A,Tue,36.60561953305676,1
54.35629644285797,6,1,A,Fri,66.83032356966552,0
93.05625948779516,3,5,B,Tue,58.7720257383767,0
29.076408275679366,5,8,C,Thu,28.64096977192795,1
54.36895776753924,2,6,A,Mon,48.628051684680976,1
29.19604502742842,1,1,A,Mon,53.96591633363874,1
74.71519506006716,4,2,A,Fri,48.198932814619695,1
73.55491861682273,7,7,A,Sun,49.94196525718501,0
95.98854847043405,2,8,A,Thu,41.491323920097145,1
46.65989089175938,4,3,A,Wed,50.97258637798823,0
107.79208339885957,4,8,A,Thu,54.47294247706318,0
27.998660046574678,0,1,A,Sun,42.65325364289617,1
45.51184775872245,5,4,C,Thu,46.90453042275473,1
28.500378874078436,7,1,A,Sat,69.79407567558076,0
51.03310911756914,1,0,A,Wed,69.24371872062672,0
29.734336063300223,2,4,A,Wed,39.92725485250296,1
74.80557916328307,3,1,C,Thu,59.900719357108784,0
57.70247169714353,1,6,B,Tue,36.259922472687414,1
26.82595183500396,2,7,B,Sat,33.44443506799533,0
67.12178060317459,2,1,A,Tue,72.38572347934294,0
90.1253643917046,1,6,C,Thu,45.49088046735561,1
60.19898452075269,7,3,A,Tue,59.0523941203717,1
22.942909991300606,0,0,A,Wed,47.83661156576171,1
43.52196783068674,8,2,B,Wed,58.51257703160759,1
63.64189141099881,3,0,C,Tue,64.98865373999017,1
41.61801548941371,3,4,B,Wed,47.46915809678647,0
27.820631706851138,0,7,C,Mon,37.36431436972895,0
78.59976327972947,3,0,C,Wed,69.67996634086009,1
40.78889496479036,1,8,A,Thu,22.088035883707754,1
90.15026142246847,3,2,A,Fri,59.71833627296351,1
36.321641489182525,1,4,A,Tue,39.347097105981746,1
39.68281602858842,1,8,C,Sat,20.563989447700905,1
34.978348751654536,5,4,A,Sun,46.15076232178152,0
43.17928609888184,4,8,C,Tue,36.055867871995616,0
57.28044539667753,9,9,A,Sun,50.1957132596206,0
28.540553573230394,2,7,A,Sun,38.80244534923019,0
25.92273338553724,2,6,A,Wed,29.336440515207215,1
18.882646735200183,2,0,A,Wed,65.42973935935242,0
17.651251718255956,2,3,C,Fri,51.66113017795305,0
23.08282658576106,4,8,A,Fri,30.879961197952532,1
36.20326471539484,1,9,A,Sat,20.08841624969682,1
50.612787685516984,2,7,A,Thu,33.47171557857482,1
55.86368355086766,2,3,A,Mon,51.680509960456284,1
49.55564457171452,3,0,A,Thu,60.51119794205417,1
85.55127141120279,1,9,A,Sat,36.656246027387255,1
97.60503524738503,1,3,C,Tue,59.002678154910996,0
40.87929585928006,5,2,A,Wed,57.561388360389394,0
28.777531830207288,4,5,A,Thu,31.618631530666136,1
110.80207993439336,7,4,B,Sun,74.80314145582349,0
77.39945946217321,1,4,A,Wed,37.88727291628764,1
74.86545486912348,2,1,A,Wed,63.89553912475783,0
35.51338084180186,5,2,B,Thu,49.00136089490499,1
67.8645312510183,4,5,A,Thu,47.68523056191602,1
49.735634976814254,5,1,B,Sun,62.774894247827845,1
45.086840724406144,4,3,A,Sun,62.785621184284174,0
45.05111280162548,3,1,B,Fri,55.52215118209814,1
58.46286864268791,4,8,C,Sat,31.871306703908928,1
86.79284223934798,6,2,A,Sat,63.24689935927891,1
114.94315743041676,4,9,A,Sun,47.61981102234584,0
38.46446956159619,6,9,A,Mon,29.421833333627504,1
51.01821244784637,2,5,A,Sun,49.61573361319304,0
44.56376860746421,4,0,C,Fri,60.04170585204724,0
56.73260083772892,0,9,B,Mon,22.07448760558834,1
42.0237553193777,3,2,A,Thu,51.055822553483004,0
106.31970190959534,1,7,B,Sat,45.55542650793881,1
33.55216566454676,4,4,A,Sat,40.90768800204925,1
38.48956984707924,2,7,B,Mon,27.616169189286154,0
35.76303177599465,3,1,B,Tue,58.32081130721683,1
43.56206454102544,4,6,B,Fri,43.77929851643362,1
23.942071084830324,5,8,A,Fri,28.711889718782302,0
36.08868376198646,2,6,B,Fri,36.8918931367233,1
56.48365703096406,4,2,A,Sat,68.910216273772,0
56.29647054296245,5,6,B,Wed,42.32699439351153,1
52.33817637976152,4,7,A,Sat,46.212790907672385,0
83.42077254129515,5,0,A,Wed,73.09057396429881,0
57.488156341212466,1,2,B,Sat,58.09632749507095,0
82.20784482953232,3,4,C,Thu,55.60743776962393,1
114.98196904512723,5,5,A,Sat,52.04092799802748,1
68.62716066378384,1,2,C,Thu,46.194621098646415,1
24.001897114467194,0,3,B,Wed,36.30861483763581,1
53.279951653411885,1,4,B,Fri,42.20708295695644,1
49.77897523267182,2,2,C,Wed,49.993076527413535,1
90.0847650567656,3,3,A,Mon,62.054351855998675,0
44.29901036358869,1,4,C,Fri,34.44950571252032,1
31.347880172974968,2,1,A,Sat,60.195886387114285,0
37.09014396815737,2,9,A,Sat,26.309789492162736,0
24.464855927122112,5,8,B,Sat,28.4315893184342,1
7.678775976752026,1,9,C,Sat,16.624819808754566,1
106.5483924503713,3,7,C,Sat,56.735373486734126,0
47.07438626999139,2,5,B,Wed,44.95552464809844,0
25.656192924842117,4,9,B,Sun,37.896616414129056,0
93.71937089204656,5,2,A,Thu,68.99781765522374,1
100.82273735542711,3,1,C,Sun,60.05041559831926,1
50.556635436372304,3,6,A,Wed,40.0691856066999,1
23.336707888681577,3,7,B,Tue,30.89819372954917,1
37.51992407752294,2,9,B,Sun,22.79897372478184,1
42.10078794685976,3,0,B,Wed,44.88905418140644,1
47.804706721724145,6,5,A,Fri,56.3318868104196,0
27.30004157273219,2,6,C,Sat,41.78033165307231,0
71.13726323795215,1,8,B,Wed,37.66385937569496,1
14.358032697790044,3,2,C,Sun,49.19640845774889,0
76.28616964662028,1,1,A,Thu,50.921907516675226,1
83.47861150660593,4,4,B,Sun,56.12289770135809,0
39.288530763384315,5,9,B,Sat,15.866670360224788,1
45.29381700113399,2,0,B,Sun,59.035178144315196,0
88.14194202671558,3,5,C,Mon,70.46087585096309,0
62.554898358232506,0,8,A,Tue,34.86568563953314,1
39.9527571837827,1,9,A,Fri,18.029627798561005,1
42.2056850432661,7,8,A,Thu,35.86771009152937,1
58.61137041210774,6,6,A,Tue,43.11712769826207,1
102.19596058027592,2,6,C,Wed,53.431853339445524,1
42.82092463269295,2,7,A,Tue,42.686856620394636,1
39.377919396746314,3,9,A,Sat,35.32456431429898,0
47.650421670051905,4,1,A,Sat,63.84843105742389,0
47.78142818039079,3,5,B,Mon,51.15824875887483,0
53.99719793847492,4,4,A,Tue,46.72016391825708,1
45.36119628163629,1,4,A,Sun,48.482160469799375,0
78.3193893805509,4,2,A,Tue,57.90474439487575,1
30.173072320356553,3,2,A,Sat,48.42446435206749,1
56.70294689397272,4,5,C,Wed,34.331908722024366,1
57.709015471779736,4,9,A,Wed,38.144400817204136,0
31.50404622531695,4,9,B,Fri,29.383838372915545,0
56.44809603313058,3,6,C,Sun,42.74009319463953,1
58.391489493653154,0,0,B,Sun,55.75026149310832,0
10.86988855447328,4,2,C,Wed,44.34950311571576,0
28.759896927537945,3,0,C,Tue,50.81003474948586,0
91.44931936854798,6,9,A,Mon,53.53674706883364,0
35.19321189635709,1,2,B,Wed,46.394859580828125,0
25.62394052366832,3,4,A,Sun,38.433885638072304,1
17.22772238639989,3,8,A,Sun,33.359944703898094,1
27.440735581956183,3,2,C,Sat,47.364058678646664,1
44.46776720242076,3,9,B,Sat,33.342928193665266,0
24.691435824231927,2,9,B,Fri,16.06247718420697,1
62.92382002940855,3,8,B,Fri,36.75962136924953,1
31.224834342373292,3,0,A,Tue,59.599453326106044,0
54.18495614161645,3,5,C,Wed,52.72991776938605,0
85.55366236963138,2,8,A,Wed,33.19262617367256,0
83.16535184823357,2,4,A,Fri,54.320339909265705,1
53.76319713506399,2,9,C,Wed,19.188601361529336,1
26.537010266034144,5,1,A,Tue,49.88659952686387,1
45.89701607036173,2,4,B,Mon,56.12932843043437,0
54.56429639078617,6,0,B,Sat,59.74483304817941,0
124.66507681125535,4,8,A,Tue,56.49899635191328,0
17.134558835533173,3,9,C,Wed,21.053096886651648,1
45.97279345973182,3,9,B,Tue,28.05075681439522,1
61.91668498867968,0,8,A,Sat,38.16433994139657,0
49.37627349875999,5,5,A,Thu,44.95063989366611,1
51.87823004529242,2,8,C,Sun,23.675626033935586,1
32.15336436365876,3,2,A,Sat,46.91720163224641,1
70.58276705448625,3,3,C,Sun,59.025020287363304,0
47.7915911443004,4,5,A,Sat,42.25724883078646,1
51.792223826370815,2,3,B,Thu,55.78847069288486,1
73.93436994769236,5,0,C,Wed,71.4740052585406,1
40.5307886541179,1,6,A,Wed,41.24194151872012,1
81.13361051467768,4,4,B,Mon,53.94719426125719,1
